"allom.key","allom.name","allom.region","allom.pft","allom.model","d.stem.max","p1","p2","p3","p4","p5","p6","p7","p8","p9","p10","p11","p12"
1,"chave2014a","Pan-tropics",NA,2,2.12,-2.024,-0.896,0.92,2.795,-0.0461,NA,NA,NA,NA,NA,NA,NA
2,"chave2014b","Pan-tropics",NA,3,2.12,0.0673,0.976,NA,NA,NA,NA,NA,NA,NA,NA,NA,NA
3,"jenkins2003","USA","aa",1,0.7,-2.2094,2.3867,0.507441,NA,NA,NA,NA,NA,NA,NA,NA,NA
4,"jenkins2003","USA","mb",1,0.66,-1.9123,2.3651,0.491685,NA,NA,NA,NA,NA,NA,NA,NA,NA
5,"jenkins2003","USA","mh",1,0.56,-2.48,2.4835,0.360458,NA,NA,NA,NA,NA,NA,NA,NA,NA
6,"jenkins2003","USA","mo",1,0.73,-2.0127,2.4342,0.236483,NA,NA,NA,NA,NA,NA,NA,NA,NA
7,"jenkins2003","USA","cl",1,2.5,-2.0336,2.2592,0.294574,NA,NA,NA,NA,NA,NA,NA,NA,NA
8,"jenkins2003","USA","df",1,2.1,-2.2304,2.4435,0.218712,NA,NA,NA,NA,NA,NA,NA,NA,NA
9,"jenkins2003","USA","tf",1,2.3,-2.5384,2.4814,0.182329,NA,NA,NA,NA,NA,NA,NA,NA,NA
10,"jenkins2003","USA","pi",1,1.8,-2.5356,2.4349,0.253781,NA,NA,NA,NA,NA,NA,NA,NA,NA
11,"jenkins2003","USA","sp",1,2.5,-2.0773,2.3323,0.250424,NA,NA,NA,NA,NA,NA,NA,NA,NA
12,"jenkins2003","USA","wo",1,0.78,-0.7152,1.7029,0.384331,NA,NA,NA,NA,NA,NA,NA,NA,NA
13,"paul2016","Australia","eucalypt",1,1.69,-2.0163,2.3746,0.3597,NA,NA,NA,NA,NA,NA,NA,NA,NA
14,"paul2016","Australia","mallee",1,0.8113,-2.7552,2.4734,0.3891,NA,NA,NA,NA,NA,NA,NA,NA,NA
15,"paul2016","Australia","acacia",1,0.4632,-1.6314,2.3037,0.3617,NA,NA,NA,NA,NA,NA,NA,NA,NA
16,"paul2016","Australia","other_highp",1,1.02,-1.6925,2.2198,0.2927,NA,NA,NA,NA,NA,NA,NA,NA,NA
17,"paul2016","Australia","other_lowp",1,0.493,-1.7119,2.1568,0.2735,NA,NA,NA,NA,NA,NA,NA,NA,NA
18,"paul2016","Australia","shrubs",1,0.5,-3.0074,2.4276,0.4911,NA,NA,NA,NA,NA,NA,NA,NA,NA
19,"paul2016","Australia","universal_small",1,2.03,-3.0254,2.504,0.4458,NA,NA,NA,NA,NA,NA,NA,NA,NA
20,"paul2016","Australia","universal_large",1,NA,-0.3714,2.0345,0.282,NA,NA,NA,NA,NA,NA,NA,NA,NA
21,"muukkonen2007","Europe","temperate-picea_abies",4,0.4,0.255,2.174,NA,NA,NA,NA,NA,NA,NA,NA,NA,NA
22,"muukkonen2007","Europe","temperate-pinus_sylvestris",4,0.4,0.158,2.237,NA,NA,NA,NA,NA,NA,NA,NA,NA,NA
23,"muukkonen2007","Europe","temperate-quercus_spp",4,0.5,0.23,2.28,NA,NA,NA,NA,NA,NA,NA,NA,NA,NA
24,"muukkonen2007","Europe","temperate-fagus_spp",4,0.5,0.24,2.322,NA,NA,NA,NA,NA,NA,NA,NA,NA,NA
25,"moore2010","New Zealand","pinus_radiata",5,NA,-0.5816,1.124,0.203,0,NA,NA,NA,NA,NA,NA,NA,NA
26,"beets2011","New Zealand","temperate",6,NA,4.83e-05,0.978,NA,NA,NA,NA,NA,NA,NA,NA,NA,NA
27,"forrester2017","Europe","abies-alba",1,0.577,-2.3958,2.4497,1.0006804,NA,NA,NA,NA,NA,NA,NA,NA,NA
28,"forrester2017","Europe","alnus-glutinosa",1,0.473,-2.2353,2.3772,1.0398746,NA,NA,NA,NA,NA,NA,NA,NA,NA
29,"forrester2017","Europe","alnus-glutinosa-or-a-incana",1,0.473,-2.3914,2.4204,1.023465,NA,NA,NA,NA,NA,NA,NA,NA,NA
30,"forrester2017","Europe","alnus-incana",1,0.246,-2.5273,2.4667,0.9999177,NA,NA,NA,NA,NA,NA,NA,NA,NA
31,"forrester2017","Europe","betula-pendula",1,0.14,-2.0013,2.3683,1.0351011,NA,NA,NA,NA,NA,NA,NA,NA,NA
32,"forrester2017","Europe","betula-pubescens",1,0.09,-1.9147,2.2081,1.0264134,NA,NA,NA,NA,NA,NA,NA,NA,NA
33,"forrester2017","Europe","castania-sativa",1,0.642,-1.8351,2.2916,0.9784021,NA,NA,NA,NA,NA,NA,NA,NA,NA
34,"forrester2017","Europe","fagus-sylvatica",1,0.84,-1.6594,2.3589,0.9969239,NA,NA,NA,NA,NA,NA,NA,NA,NA
35,"forrester2017","Europe","fraxinus-excelsior",1,0.4,-2.8255,2.8048,0.8627835,NA,NA,NA,NA,NA,NA,NA,NA,NA
36,"forrester2017","Europe","larix-decidua",1,0.901,-1.6512,2.2312,1.0291595,NA,NA,NA,NA,NA,NA,NA,NA,NA
37,"forrester2017","Europe","picea-abies",1,0.82,-1.8865,2.3034,1.0591408,NA,NA,NA,NA,NA,NA,NA,NA,NA
38,"forrester2017","Europe","pinus-cembra",1,0.563,-3.0675,2.5298,1.0046326,NA,NA,NA,NA,NA,NA,NA,NA,NA
39,"forrester2017","Europe","pinus-nigra",1,0.773,-2.0236,2.3345,0.9811012,NA,NA,NA,NA,NA,NA,NA,NA,NA
40,"forrester2017","Europe","pinus-pinaster",1,0.64,-2.5918,2.422,1.0485864,NA,NA,NA,NA,NA,NA,NA,NA,NA
41,"forrester2017","Europe","pinus-sylvestris",1,0.71,-2.1575,2.3097,1.1187067,NA,NA,NA,NA,NA,NA,NA,NA,NA
42,"forrester2017","Europe","populus-spp",1,0.447,-2.311,2.3538,1.1230023,NA,NA,NA,NA,NA,NA,NA,NA,NA
43,"forrester2017","Europe","pseudotuga-menziesii",1,1.62,-2.3298,2.4818,1.0030037,NA,NA,NA,NA,NA,NA,NA,NA,NA
44,"forrester2017","Europe","quercus-ilex",1,0.9,-1.7417,2.3699,1.0267989,NA,NA,NA,NA,NA,NA,NA,NA,NA
45,"forrester2017","Europe","quercus-petraea-or-q-robur",1,0.675,-2.684,2.7274,1.0227726,NA,NA,NA,NA,NA,NA,NA,NA,NA
46,"forrester2017","Europe","quercus-robur",1,0.675,-2.684,2.7274,1.0227726,NA,NA,NA,NA,NA,NA,NA,NA,NA
47,"forrester2017","Europe","robinia-pseudoacacia",1,0.401,-1.8468,2.2656,0.9638697,NA,NA,NA,NA,NA,NA,NA,NA,NA
48,"forrester2017","Europe","broad-leaved-spp",1,0.9,-1.9958,2.3625,0.9973727,NA,NA,NA,NA,NA,NA,NA,NA,NA
49,"forrester2017","Europe","conifer-spp",1,1.62,-2.2085,2.3786,1.0388174,NA,NA,NA,NA,NA,NA,NA,NA,NA
50,"forrester2017","Europe","all-spp",1,1.62,-2.1041,2.3691,1.0238461,NA,NA,NA,NA,NA,NA,NA,NA,NA
51,"ung2008","Canada","black_spruce",2,0.384,0.0335,1.7389,0.9835,0.0132,1.7657,0.5775,0.0405,3.1917,-1.3674,0.2078,2.5517,-1.3674
52,"ung2008","Canada","douglas-fir",2,0.508,0.0191,1.5365,1.3634,0.0083,2.4811,0,0.0351,2.2421,0,0.0718,2.2935,-0.4744
53,"ung2008","Canada","engelmann_spruce",2,0.576,0.0133,1.3303,1.6877,0.0086,1.6216,0.8192,0.0428,2.7965,-0.7328,0.0854,2.4388,-0.763
54,"ung2008","Canada","lodgepole_pine",2,0.489,0.0239,1.6827,1.1878,0.0117,1.6398,0.6524,0.0285,3.3764,-1.4395,0.0769,2.6834,-1.2484
55,"ung2008","Canada","pacific_silver_fir",2,0.304,0.0315,1.8297,0.8056,0.0067,2.697,-0.3105,0.042,2.0313,0,0.0453,2.4867,-0.4982
56,"ung2008","Canada","red_alder_black_cottonwood",2,0.306,0.0051,1.0697,2.2748,9e-04,1.3061,2.0109,0.0131,2.576,0,0.0224,1.8368,0
57,"ung2008","Canada","sitka_spruce",2,0.273,0.0237,2.5813,0.0822,0.0045,1.2275,1.519,0.0498,1.9671,0,0.014,3.1305,-0.907
58,"ung2008","Canada","subalpine_fir",2,0.444,0.022,1.6469,1.1714,0.0061,1.8603,0.7693,0.0265,3.6747,-1.5958,0.0509,2.9909,-1.2271
59,"ung2008","Canada","trembling_aspen",2,0.472,0.0143,1.9369,1.0579,0.0063,2.0744,0.6691,0.015,2.9068,-0.6306,0.0284,1.602,0
60,"ung2008","Canada","western_hemlock",2,0.424,0.0113,1.9332,1.1125,0.0019,2.3356,0.6371,0.0609,2.0021,0,0.2656,2.0107,-0.7963
61,"ung2008","Canada","western_redcedar",2,0.542,0.0188,1.3376,1.5293,2e-04,2.4369,1.1315,0.0611,1.9208,0,0.1097,1.553,0
62,"ung2008","Canada","white_birch",2,0.436,0.0333,2.0794,0.6811,0.0079,1.9905,0.6553,0.0253,3.1518,-0.9083,0.1361,2.2978,-1.0934
63,"ung2008","Canada","white_spruce",2,0.576,0.0252,1.7819,1.0022,0.0096,1.6901,0.7393,0.0322,2.8961,-0.9203,0.1832,2.4144,-1.0948
64,"ung2008","Canada","all_hardwoods",2,0.472,0.0353,2.0249,0.7048,0.009,1.8677,0.7144,0.0448,2.6855,-0.5911,0.0869,1.8541,-0.5491
65,"ung2008","Canada","all_softwoods",2,0.576,0.0276,1.6868,1.0953,0.0101,1.8486,0.5525,0.0313,2.9974,-1.0383,0.1379,2.3981,-1.0418
66,"ung2008","Canada","all_species",2,0.576,0.0283,1.8298,0.9546,0.012,1.6378,0.7746,0.0338,2.6624,-0.5743,0.1699,2.3289,-1.1316
67,"disney2021a","Pan-tropics","w/ height",1,2.12,0.403,1.024,53.394,NA,NA,NA,NA,NA,NA,NA,NA,NA
68,"disney2021b","Pan-tropics","DBH only",1,2.12,9.756,2.358,NA,NA,NA,NA,NA,NA,NA,NA,NA,NA
69,"disney2020","USA","Redwood",2,2.12,7.67e-05,2.624,0.159,1.04,NA,NA,NA,NA,NA,NA,NA,NA
