"project","plot","survey","l.project","l.instr","l.epsg","l.date","g.fp"
"australia_ausplotsforests","NSFNNC004","1","oeh_ausplotsforests",NA,28356,NA,"{""edge"":[1],""ix"":[1],""iy"":[1],""edge.frac"":[1],""x"":[463897.24],""y"":[6504746.63]}"
"australia_ausplotsforests","NSFNNC004","1","oeh_ausplotsforests",NA,28356,NA,"{""edge"":[1],""ix"":[1],""iy"":[1],""edge.frac"":[1],""x"":[463935.09],""y"":[6504787.77]}"
"australia_ausplotsforests","NSFNNC004","1","oeh_ausplotsforests",NA,28356,NA,"{""edge"":[1],""ix"":[1],""iy"":[1],""edge.frac"":[1],""x"":[463926.2],""y"":[6504811.14]}"
"australia_ausplotsforests","NSFNNC004","1","oeh_ausplotsforests",NA,28356,NA,"{""edge"":[1],""ix"":[1],""iy"":[1],""edge.frac"":[1],""x"":[463917.31],""y"":[6504834.5]}"
"australia_ausplotsforests","NSFNNC004","1","oeh_ausplotsforests",NA,28356,NA,"{""edge"":[1],""ix"":[1],""iy"":[1],""edge.frac"":[1],""x"":[463967.34],""y"":[6504773.3]}"
"australia_ausplotsforests","NSFNNC004","1","oeh_ausplotsforests",NA,28356,NA,"{""edge"":[1],""ix"":[1],""iy"":[1],""edge.frac"":[1],""x"":[463958.45],""y"":[6504796.66]}"
"australia_ausplotsforests","NSFNNC004","1","oeh_ausplotsforests",NA,28356,NA,"{""edge"":[1],""ix"":[1],""iy"":[1],""edge.frac"":[1],""x"":[463949.56],""y"":[6504820.03]}"
"australia_ausplotsforests","NSFNNC004","1","oeh_ausplotsforests",NA,28356,NA,"{""edge"":[1],""ix"":[1],""iy"":[1],""edge.frac"":[1],""x"":[463940.67],""y"":[6504843.39]}"
"australia_ausplotsforests","NSFNNC004","1","oeh_ausplotsforests",NA,28356,NA,"{""edge"":[1],""ix"":[1],""iy"":[1],""edge.frac"":[1],""x"":[463888.35],""y"":[6504769.99]}"
"australia_ausplotsforests","NSFNNC004","1","oeh_ausplotsforests",NA,28356,NA,"{""edge"":[1],""ix"":[1],""iy"":[1],""edge.frac"":[1],""x"":[463879.46],""y"":[6504793.36]}"
"australia_ausplotsforests","NSFNNC004","1","oeh_ausplotsforests",NA,28356,NA,"{""edge"":[1],""ix"":[1],""iy"":[1],""edge.frac"":[1],""x"":[463870.57],""y"":[6504816.73]}"
"australia_ausplotsforests","NSFNNC004","1","oeh_ausplotsforests",NA,28356,NA,"{""edge"":[1],""ix"":[1],""iy"":[1],""edge.frac"":[1],""x"":[463920.61],""y"":[6504755.52]}"
"australia_ausplotsforests","NSFNNC004","1","oeh_ausplotsforests",NA,28356,NA,"{""edge"":[1],""ix"":[1],""iy"":[1],""edge.frac"":[1],""x"":[463911.72],""y"":[6504778.88]}"
"australia_ausplotsforests","NSFNNC004","1","oeh_ausplotsforests",NA,28356,NA,"{""edge"":[1],""ix"":[1],""iy"":[1],""edge.frac"":[1],""x"":[463902.83],""y"":[6504802.25]}"
"australia_ausplotsforests","NSFNNC004","1","oeh_ausplotsforests",NA,28356,NA,"{""edge"":[1],""ix"":[1],""iy"":[1],""edge.frac"":[1],""x"":[463893.94],""y"":[6504825.62]}"
"australia_ausplotsforests","NSFNNC004","1","oeh_ausplotsforests",NA,28356,NA,"{""edge"":[1],""ix"":[1],""iy"":[1],""edge.frac"":[1],""x"":[463943.98],""y"":[6504764.41]}"
"australia_ausplotsforests","NSFNNC005","1","oeh_ausplotsforests",NA,28356,NA,"{""edge"":[1],""ix"":[1],""iy"":[1],""edge.frac"":[1],""x"":[469936.71],""y"":[6494266.02]}"
"australia_ausplotsforests","NSFNNC005","1","oeh_ausplotsforests",NA,28356,NA,"{""edge"":[1],""ix"":[1],""iy"":[1],""edge.frac"":[1],""x"":[469911.9],""y"":[6494316.12]}"
"australia_ausplotsforests","NSFNNC005","1","oeh_ausplotsforests",NA,28356,NA,"{""edge"":[1],""ix"":[1],""iy"":[1],""edge.frac"":[1],""x"":[469886.9],""y"":[6494316.21]}"
"australia_ausplotsforests","NSFNNC005","1","oeh_ausplotsforests",NA,28356,NA,"{""edge"":[1],""ix"":[1],""iy"":[1],""edge.frac"":[1],""x"":[469861.9],""y"":[6494316.31]}"
"australia_ausplotsforests","NSFNNC005","1","oeh_ausplotsforests",NA,28356,NA,"{""edge"":[1],""ix"":[1],""iy"":[1],""edge.frac"":[1],""x"":[469937],""y"":[6494341.02]}"
"australia_ausplotsforests","NSFNNC005","1","oeh_ausplotsforests",NA,28356,NA,"{""edge"":[1],""ix"":[1],""iy"":[1],""edge.frac"":[1],""x"":[469912],""y"":[6494341.12]}"
"australia_ausplotsforests","NSFNNC005","1","oeh_ausplotsforests",NA,28356,NA,"{""edge"":[1],""ix"":[1],""iy"":[1],""edge.frac"":[1],""x"":[469887],""y"":[6494341.21]}"
"australia_ausplotsforests","NSFNNC005","1","oeh_ausplotsforests",NA,28356,NA,"{""edge"":[1],""ix"":[1],""iy"":[1],""edge.frac"":[1],""x"":[469862],""y"":[6494341.31]}"
"australia_ausplotsforests","NSFNNC005","1","oeh_ausplotsforests",NA,28356,NA,"{""edge"":[1],""ix"":[1],""iy"":[1],""edge.frac"":[1],""x"":[469911.71],""y"":[6494266.12]}"
"australia_ausplotsforests","NSFNNC005","1","oeh_ausplotsforests",NA,28356,NA,"{""edge"":[1],""ix"":[1],""iy"":[1],""edge.frac"":[1],""x"":[469886.71],""y"":[6494266.22]}"
"australia_ausplotsforests","NSFNNC005","1","oeh_ausplotsforests",NA,28356,NA,"{""edge"":[1],""ix"":[1],""iy"":[1],""edge.frac"":[1],""x"":[469861.71],""y"":[6494266.31]}"
"australia_ausplotsforests","NSFNNC005","1","oeh_ausplotsforests",NA,28356,NA,"{""edge"":[1],""ix"":[1],""iy"":[1],""edge.frac"":[1],""x"":[469936.81],""y"":[6494291.02]}"
"australia_ausplotsforests","NSFNNC005","1","oeh_ausplotsforests",NA,28356,NA,"{""edge"":[1],""ix"":[1],""iy"":[1],""edge.frac"":[1],""x"":[469911.81],""y"":[6494291.12]}"
"australia_ausplotsforests","NSFNNC005","1","oeh_ausplotsforests",NA,28356,NA,"{""edge"":[1],""ix"":[1],""iy"":[1],""edge.frac"":[1],""x"":[469886.81],""y"":[6494291.22]}"
"australia_ausplotsforests","NSFNNC005","1","oeh_ausplotsforests",NA,28356,NA,"{""edge"":[1],""ix"":[1],""iy"":[1],""edge.frac"":[1],""x"":[469861.81],""y"":[6494291.31]}"
"australia_ausplotsforests","NSFNNC005","1","oeh_ausplotsforests",NA,28356,NA,"{""edge"":[1],""ix"":[1],""iy"":[1],""edge.frac"":[1],""x"":[469936.9],""y"":[6494316.02]}"
"australia_ausplotsforests","NSFNNC007","1","oeh_ausplotsforests",NA,28356,NA,"{""edge"":[1],""ix"":[1],""iy"":[1],""edge.frac"":[1],""x"":[508812.14],""y"":[6654593.37]}"
"australia_ausplotsforests","NSFNNC007","1","oeh_ausplotsforests",NA,28356,NA,"{""edge"":[1],""ix"":[1],""iy"":[1],""edge.frac"":[1],""x"":[508756.51],""y"":[6654587.81]}"
"australia_ausplotsforests","NSFNNC007","1","oeh_ausplotsforests",NA,28356,NA,"{""edge"":[1],""ix"":[1],""iy"":[1],""edge.frac"":[1],""x"":[508747.61],""y"":[6654564.45]}"
"australia_ausplotsforests","NSFNNC007","1","oeh_ausplotsforests",NA,28356,NA,"{""edge"":[1],""ix"":[1],""iy"":[1],""edge.frac"":[1],""x"":[508738.71],""y"":[6654541.08]}"
"australia_ausplotsforests","NSFNNC007","1","oeh_ausplotsforests",NA,28356,NA,"{""edge"":[1],""ix"":[1],""iy"":[1],""edge.frac"":[1],""x"":[508742.05],""y"":[6654620.07]}"
"australia_ausplotsforests","NSFNNC007","1","oeh_ausplotsforests",NA,28356,NA,"{""edge"":[1],""ix"":[1],""iy"":[1],""edge.frac"":[1],""x"":[508733.15],""y"":[6654596.71]}"
"australia_ausplotsforests","NSFNNC007","1","oeh_ausplotsforests",NA,28356,NA,"{""edge"":[1],""ix"":[1],""iy"":[1],""edge.frac"":[1],""x"":[508724.25],""y"":[6654573.35]}"
"australia_ausplotsforests","NSFNNC007","1","oeh_ausplotsforests",NA,28356,NA,"{""edge"":[1],""ix"":[1],""iy"":[1],""edge.frac"":[1],""x"":[508715.35],""y"":[6654549.99]}"
"australia_ausplotsforests","NSFNNC007","1","oeh_ausplotsforests",NA,28356,NA,"{""edge"":[1],""ix"":[1],""iy"":[1],""edge.frac"":[1],""x"":[508803.24],""y"":[6654570.01]}"
"australia_ausplotsforests","NSFNNC007","1","oeh_ausplotsforests",NA,28356,NA,"{""edge"":[1],""ix"":[1],""iy"":[1],""edge.frac"":[1],""x"":[508794.34],""y"":[6654546.64]}"
"australia_ausplotsforests","NSFNNC007","1","oeh_ausplotsforests",NA,28356,NA,"{""edge"":[1],""ix"":[1],""iy"":[1],""edge.frac"":[1],""x"":[508785.44],""y"":[6654523.28]}"
"australia_ausplotsforests","NSFNNC007","1","oeh_ausplotsforests",NA,28356,NA,"{""edge"":[1],""ix"":[1],""iy"":[1],""edge.frac"":[1],""x"":[508788.78],""y"":[6654602.27]}"
"australia_ausplotsforests","NSFNNC007","1","oeh_ausplotsforests",NA,28356,NA,"{""edge"":[1],""ix"":[1],""iy"":[1],""edge.frac"":[1],""x"":[508779.88],""y"":[6654578.91]}"
"australia_ausplotsforests","NSFNNC007","1","oeh_ausplotsforests",NA,28356,NA,"{""edge"":[1],""ix"":[1],""iy"":[1],""edge.frac"":[1],""x"":[508770.97],""y"":[6654555.55]}"
"australia_ausplotsforests","NSFNNC007","1","oeh_ausplotsforests",NA,28356,NA,"{""edge"":[1],""ix"":[1],""iy"":[1],""edge.frac"":[1],""x"":[508762.07],""y"":[6654532.18]}"
"australia_ausplotsforests","NSFNNC007","1","oeh_ausplotsforests",NA,28356,NA,"{""edge"":[1],""ix"":[1],""iy"":[1],""edge.frac"":[1],""x"":[508765.42],""y"":[6654611.17]}"
"australia_ausplotsforests","NSFNNC008","1","oeh_ausplotsforests",NA,28356,NA,"{""edge"":[1],""ix"":[1],""iy"":[1],""edge.frac"":[1],""x"":[430280.95],""y"":[6421030.95]}"
"australia_ausplotsforests","NSFNNC008","1","oeh_ausplotsforests",NA,28356,NA,"{""edge"":[1],""ix"":[1],""iy"":[1],""edge.frac"":[1],""x"":[430336.61],""y"":[6421036.06]}"
"australia_ausplotsforests","NSFNNC008","1","oeh_ausplotsforests",NA,28356,NA,"{""edge"":[1],""ix"":[1],""iy"":[1],""edge.frac"":[1],""x"":[430345.7],""y"":[6421059.34]}"
"australia_ausplotsforests","NSFNNC008","1","oeh_ausplotsforests",NA,28356,NA,"{""edge"":[1],""ix"":[1],""iy"":[1],""edge.frac"":[1],""x"":[430354.79],""y"":[6421082.63]}"
"australia_ausplotsforests","NSFNNC008","1","oeh_ausplotsforests",NA,28356,NA,"{""edge"":[1],""ix"":[1],""iy"":[1],""edge.frac"":[1],""x"":[430350.81],""y"":[6421003.68]}"
"australia_ausplotsforests","NSFNNC008","1","oeh_ausplotsforests",NA,28356,NA,"{""edge"":[1],""ix"":[1],""iy"":[1],""edge.frac"":[1],""x"":[430359.9],""y"":[6421026.97]}"
"australia_ausplotsforests","NSFNNC008","1","oeh_ausplotsforests",NA,28356,NA,"{""edge"":[1],""ix"":[1],""iy"":[1],""edge.frac"":[1],""x"":[430368.99],""y"":[6421050.25]}"
"australia_ausplotsforests","NSFNNC008","1","oeh_ausplotsforests",NA,28356,NA,"{""edge"":[1],""ix"":[1],""iy"":[1],""edge.frac"":[1],""x"":[430378.08],""y"":[6421073.54]}"
"australia_ausplotsforests","NSFNNC008","1","oeh_ausplotsforests",NA,28356,NA,"{""edge"":[1],""ix"":[1],""iy"":[1],""edge.frac"":[1],""x"":[430290.04],""y"":[6421054.24]}"
"australia_ausplotsforests","NSFNNC008","1","oeh_ausplotsforests",NA,28356,NA,"{""edge"":[1],""ix"":[1],""iy"":[1],""edge.frac"":[1],""x"":[430299.13],""y"":[6421077.53]}"
"australia_ausplotsforests","NSFNNC008","1","oeh_ausplotsforests",NA,28356,NA,"{""edge"":[1],""ix"":[1],""iy"":[1],""edge.frac"":[1],""x"":[430308.22],""y"":[6421100.81]}"
"australia_ausplotsforests","NSFNNC008","1","oeh_ausplotsforests",NA,28356,NA,"{""edge"":[1],""ix"":[1],""iy"":[1],""edge.frac"":[1],""x"":[430304.23],""y"":[6421021.86]}"
"australia_ausplotsforests","NSFNNC008","1","oeh_ausplotsforests",NA,28356,NA,"{""edge"":[1],""ix"":[1],""iy"":[1],""edge.frac"":[1],""x"":[430313.32],""y"":[6421045.15]}"
"australia_ausplotsforests","NSFNNC008","1","oeh_ausplotsforests",NA,28356,NA,"{""edge"":[1],""ix"":[1],""iy"":[1],""edge.frac"":[1],""x"":[430322.42],""y"":[6421068.44]}"
"australia_ausplotsforests","NSFNNC008","1","oeh_ausplotsforests",NA,28356,NA,"{""edge"":[1],""ix"":[1],""iy"":[1],""edge.frac"":[1],""x"":[430331.51],""y"":[6421091.72]}"
"australia_ausplotsforests","NSFNNC008","1","oeh_ausplotsforests",NA,28356,NA,"{""edge"":[1],""ix"":[1],""iy"":[1],""edge.frac"":[1],""x"":[430327.52],""y"":[6421012.77]}"
"australia_ausplotsforests","TCFTSR001","1","warra",NA,28355,NA,"{""edge"":[1],""ix"":[1],""iy"":[1],""edge.frac"":[1],""x"":[470974.03],""y"":[5229207.55]}"
"australia_ausplotsforests","TCFTSR001","1","warra",NA,28355,NA,"{""edge"":[1],""ix"":[1],""iy"":[1],""edge.frac"":[1],""x"":[471018.67],""y"":[5229241.2]}"
"australia_ausplotsforests","TCFTSR001","1","warra",NA,28355,NA,"{""edge"":[1],""ix"":[1],""iy"":[1],""edge.frac"":[1],""x"":[471014.14],""y"":[5229265.79]}"
"australia_ausplotsforests","TCFTSR001","1","warra",NA,28355,NA,"{""edge"":[1],""ix"":[1],""iy"":[1],""edge.frac"":[1],""x"":[471009.6],""y"":[5229290.37]}"
"australia_ausplotsforests","TCFTSR001","1","warra",NA,28355,NA,"{""edge"":[1],""ix"":[1],""iy"":[1],""edge.frac"":[1],""x"":[471047.79],""y"":[5229221.15]}"
"australia_ausplotsforests","TCFTSR001","1","warra",NA,28355,NA,"{""edge"":[1],""ix"":[1],""iy"":[1],""edge.frac"":[1],""x"":[471043.26],""y"":[5229245.73]}"
"australia_ausplotsforests","TCFTSR001","1","warra",NA,28355,NA,"{""edge"":[1],""ix"":[1],""iy"":[1],""edge.frac"":[1],""x"":[471038.72],""y"":[5229270.32]}"
"australia_ausplotsforests","TCFTSR001","1","warra",NA,28355,NA,"{""edge"":[1],""ix"":[1],""iy"":[1],""edge.frac"":[1],""x"":[471034.19],""y"":[5229294.91]}"
"australia_ausplotsforests","TCFTSR001","1","warra",NA,28355,NA,"{""edge"":[1],""ix"":[1],""iy"":[1],""edge.frac"":[1],""x"":[470969.5],""y"":[5229232.13]}"
"australia_ausplotsforests","TCFTSR001","1","warra",NA,28355,NA,"{""edge"":[1],""ix"":[1],""iy"":[1],""edge.frac"":[1],""x"":[470964.97],""y"":[5229256.72]}"
"australia_ausplotsforests","TCFTSR001","1","warra",NA,28355,NA,"{""edge"":[1],""ix"":[1],""iy"":[1],""edge.frac"":[1],""x"":[470960.43],""y"":[5229281.31]}"
"australia_ausplotsforests","TCFTSR001","1","warra",NA,28355,NA,"{""edge"":[1],""ix"":[1],""iy"":[1],""edge.frac"":[1],""x"":[470998.62],""y"":[5229212.08]}"
"australia_ausplotsforests","TCFTSR001","1","warra",NA,28355,NA,"{""edge"":[1],""ix"":[1],""iy"":[1],""edge.frac"":[1],""x"":[470994.08],""y"":[5229236.67]}"
"australia_ausplotsforests","TCFTSR001","1","warra",NA,28355,NA,"{""edge"":[1],""ix"":[1],""iy"":[1],""edge.frac"":[1],""x"":[470989.55],""y"":[5229261.25]}"
"australia_ausplotsforests","TCFTSR001","1","warra",NA,28355,NA,"{""edge"":[1],""ix"":[1],""iy"":[1],""edge.frac"":[1],""x"":[470985.02],""y"":[5229285.84]}"
"australia_ausplotsforests","TCFTSR001","1","warra",NA,28355,NA,"{""edge"":[1],""ix"":[1],""iy"":[1],""edge.frac"":[1],""x"":[471023.2],""y"":[5229216.62]}"
"australia_ausplotsforests","TCFTSR002","1","warra",NA,28355,NA,"{""edge"":[1],""ix"":[1],""iy"":[1],""edge.frac"":[1],""x"":[471806.62],""y"":[5228485.34]}"
"australia_ausplotsforests","TCFTSR002","1","warra",NA,28355,NA,"{""edge"":[1],""ix"":[1],""iy"":[1],""edge.frac"":[1],""x"":[471856.87],""y"":[5228509.84]}"
"australia_ausplotsforests","TCFTSR002","1","warra",NA,28355,NA,"{""edge"":[1],""ix"":[1],""iy"":[1],""edge.frac"":[1],""x"":[471857.12],""y"":[5228534.84]}"
"australia_ausplotsforests","TCFTSR002","1","warra",NA,28355,NA,"{""edge"":[1],""ix"":[1],""iy"":[1],""edge.frac"":[1],""x"":[471857.37],""y"":[5228559.84]}"
"australia_ausplotsforests","TCFTSR002","1","warra",NA,28355,NA,"{""edge"":[1],""ix"":[1],""iy"":[1],""edge.frac"":[1],""x"":[471881.62],""y"":[5228484.6]}"
"australia_ausplotsforests","TCFTSR002","1","warra",NA,28355,NA,"{""edge"":[1],""ix"":[1],""iy"":[1],""edge.frac"":[1],""x"":[471881.87],""y"":[5228509.6]}"
"australia_ausplotsforests","TCFTSR002","1","warra",NA,28355,NA,"{""edge"":[1],""ix"":[1],""iy"":[1],""edge.frac"":[1],""x"":[471882.12],""y"":[5228534.59]}"
"australia_ausplotsforests","TCFTSR002","1","warra",NA,28355,NA,"{""edge"":[1],""ix"":[1],""iy"":[1],""edge.frac"":[1],""x"":[471882.36],""y"":[5228559.59]}"
"australia_ausplotsforests","TCFTSR002","1","warra",NA,28355,NA,"{""edge"":[1],""ix"":[1],""iy"":[1],""edge.frac"":[1],""x"":[471806.87],""y"":[5228510.34]}"
"australia_ausplotsforests","TCFTSR002","1","warra",NA,28355,NA,"{""edge"":[1],""ix"":[1],""iy"":[1],""edge.frac"":[1],""x"":[471807.12],""y"":[5228535.34]}"
"australia_ausplotsforests","TCFTSR002","1","warra",NA,28355,NA,"{""edge"":[1],""ix"":[1],""iy"":[1],""edge.frac"":[1],""x"":[471807.37],""y"":[5228560.34]}"
"australia_ausplotsforests","TCFTSR002","1","warra",NA,28355,NA,"{""edge"":[1],""ix"":[1],""iy"":[1],""edge.frac"":[1],""x"":[471831.62],""y"":[5228485.09]}"
"australia_ausplotsforests","TCFTSR002","1","warra",NA,28355,NA,"{""edge"":[1],""ix"":[1],""iy"":[1],""edge.frac"":[1],""x"":[471831.87],""y"":[5228510.09]}"
"australia_ausplotsforests","TCFTSR002","1","warra",NA,28355,NA,"{""edge"":[1],""ix"":[1],""iy"":[1],""edge.frac"":[1],""x"":[471832.12],""y"":[5228535.09]}"
"australia_ausplotsforests","TCFTSR002","1","warra",NA,28355,NA,"{""edge"":[1],""ix"":[1],""iy"":[1],""edge.frac"":[1],""x"":[471832.37],""y"":[5228560.09]}"
"australia_ausplotsforests","TCFTSR002","1","warra",NA,28355,NA,"{""edge"":[1],""ix"":[1],""iy"":[1],""edge.frac"":[1],""x"":[471856.62],""y"":[5228484.84]}"
"australia_ausplotsforests","TCFTSR005","1","zigzag_creek","Riegl LMS-Q560",28355,"4/17/2012","{""edge"":[1],""ix"":[1],""iy"":[1],""edge.frac"":[1],""x"":[479360.09],""y"":[5227828.27]}"
"australia_ausplotsforests","TCFTSR005","1","zigzag_creek","Riegl LMS-Q560",28355,"4/17/2012","{""edge"":[1],""ix"":[1],""iy"":[1],""edge.frac"":[1],""x"":[479342.73],""y"":[5227775.13]}"
"australia_ausplotsforests","TCFTSR005","1","zigzag_creek","Riegl LMS-Q560",28355,"4/17/2012","{""edge"":[1],""ix"":[1],""iy"":[1],""edge.frac"":[1],""x"":[479360.52],""y"":[5227757.56]}"
"australia_ausplotsforests","TCFTSR005","1","zigzag_creek","Riegl LMS-Q560",28355,"4/17/2012","{""edge"":[1],""ix"":[1],""iy"":[1],""edge.frac"":[1],""x"":[479378.3],""y"":[5227739.99]}"
"australia_ausplotsforests","TCFTSR005","1","zigzag_creek","Riegl LMS-Q560",28355,"4/17/2012","{""edge"":[1],""ix"":[1],""iy"":[1],""edge.frac"":[1],""x"":[479307.38],""y"":[5227774.92]}"
"australia_ausplotsforests","TCFTSR005","1","zigzag_creek","Riegl LMS-Q560",28355,"4/17/2012","{""edge"":[1],""ix"":[1],""iy"":[1],""edge.frac"":[1],""x"":[479325.16],""y"":[5227757.35]}"
"australia_ausplotsforests","TCFTSR005","1","zigzag_creek","Riegl LMS-Q560",28355,"4/17/2012","{""edge"":[1],""ix"":[1],""iy"":[1],""edge.frac"":[1],""x"":[479342.95],""y"":[5227739.78]}"
"australia_ausplotsforests","TCFTSR005","1","zigzag_creek","Riegl LMS-Q560",28355,"4/17/2012","{""edge"":[1],""ix"":[1],""iy"":[1],""edge.frac"":[1],""x"":[479360.73],""y"":[5227722.21]}"
"australia_ausplotsforests","TCFTSR005","1","zigzag_creek","Riegl LMS-Q560",28355,"4/17/2012","{""edge"":[1],""ix"":[1],""iy"":[1],""edge.frac"":[1],""x"":[479377.87],""y"":[5227810.7]}"
"australia_ausplotsforests","TCFTSR005","1","zigzag_creek","Riegl LMS-Q560",28355,"4/17/2012","{""edge"":[1],""ix"":[1],""iy"":[1],""edge.frac"":[1],""x"":[479395.66],""y"":[5227793.13]}"
"australia_ausplotsforests","TCFTSR005","1","zigzag_creek","Riegl LMS-Q560",28355,"4/17/2012","{""edge"":[1],""ix"":[1],""iy"":[1],""edge.frac"":[1],""x"":[479413.44],""y"":[5227775.56]}"
"australia_ausplotsforests","TCFTSR005","1","zigzag_creek","Riegl LMS-Q560",28355,"4/17/2012","{""edge"":[1],""ix"":[1],""iy"":[1],""edge.frac"":[1],""x"":[479342.52],""y"":[5227810.49]}"
"australia_ausplotsforests","TCFTSR005","1","zigzag_creek","Riegl LMS-Q560",28355,"4/17/2012","{""edge"":[1],""ix"":[1],""iy"":[1],""edge.frac"":[1],""x"":[479360.3],""y"":[5227792.92]}"
"australia_ausplotsforests","TCFTSR005","1","zigzag_creek","Riegl LMS-Q560",28355,"4/17/2012","{""edge"":[1],""ix"":[1],""iy"":[1],""edge.frac"":[1],""x"":[479378.09],""y"":[5227775.35]}"
"australia_ausplotsforests","TCFTSR005","1","zigzag_creek","Riegl LMS-Q560",28355,"4/17/2012","{""edge"":[1],""ix"":[1],""iy"":[1],""edge.frac"":[1],""x"":[479395.87],""y"":[5227757.78]}"
"australia_ausplotsforests","TCFTSR005","1","zigzag_creek","Riegl LMS-Q560",28355,"4/17/2012","{""edge"":[1],""ix"":[1],""iy"":[1],""edge.frac"":[1],""x"":[479324.95],""y"":[5227792.7]}"
