"project","plot","subplot","survey","private","date","region","vegetation","map","mat","pft.modis","pft.name","pft.type1","pft.type1.name","wwf.ecoregion","latitude","longitude","p.sample","p.stemmap","p.origin","p.orientation","p.shape","p.majoraxis","p.minoraxis","p.geom","p.epsg","p.area","p.mindiam","sp.geom","sp.ix","sp.iy","sp.shape","sp.area","sp.mindiam","pai","lai","cover","dft","agb","agb.valid","agb.lower","agb.upper","agbd.ha","agbd.ha.lower","agbd.ha.upper","sn","snd.ha","sba","sba.ha","swsg.ba","h.t.max","sp.agb","sp.agb.valid","sp.agbd.ha","sp.agbd.ha.lower","sp.agbd.ha.upper","sp.sba.ha","sp.swsg.ba","sp.h.t.max"
"australia_ausplotsforests","NSFNNC004","NSFNNC004-1","1",0,"2013-10-07","Au","Wo",1506.55467848636,17.3435933201133,"Evergreen Broadleaf trees",NA,NA,NA,"Eastern Australian temperate forests",-31.591975,152.619338,0,1,"SW",339.171,"R",100,100,"POLYGON((463890.004550 6504730.499221, 463854.446542 6504823.963803, 463947.911124 6504859.521811, 463983.469132 6504766.057229, 463890.004550 6504730.499221))",32756,10000,0.1,"POLYGON((463890.004550 6504730.499221, 463881.115048 6504753.865367, 463904.481193 6504762.754869, 463913.370695 6504739.388723, 463890.004550 6504730.499221))",NA,NA,"R",625,0.1,NA,NA,NA,"EA",4174.98565806741,1,NA,NA,66.7997705290786,NA,NA,23,368,1.08558441003142,17.3693505605028,0.797347367684651,44.0649803181982,NA,NA,NA,NA,NA,NA,NA,NA
"australia_ausplotsforests","NSFNNC004","NSFNNC004-10","1",0,"2013-10-07","Au","Wo",1506.55467848636,17.3435933201133,"Evergreen Broadleaf trees",NA,NA,NA,"Eastern Australian temperate forests",-31.591975,152.619338,0,1,"SW",339.171,"R",100,100,"POLYGON((463890.004550 6504730.499221, 463854.446542 6504823.963803, 463947.911124 6504859.521811, 463983.469132 6504766.057229, 463890.004550 6504730.499221))",32756,10000,0.1,"POLYGON((463927.847339 6504771.644371, 463918.957837 6504795.010516, 463942.323982 6504803.900018, 463951.213484 6504780.533872, 463927.847339 6504771.644371))",NA,NA,"R",625,0.1,NA,NA,NA,"EA",15611.5623824586,1,NA,NA,249.784998119338,NA,NA,28,448,2.80360597874966,44.8576956599946,0.819258296699585,66,NA,NA,NA,NA,NA,NA,NA,NA
"australia_ausplotsforests","NSFNNC004","NSFNNC004-11","1",0,"2013-10-07","Au","Wo",1506.55467848636,17.3435933201133,"Evergreen Broadleaf trees",NA,NA,NA,"Eastern Australian temperate forests",-31.591975,152.619338,0,1,"SW",339.171,"R",100,100,"POLYGON((463890.004550 6504730.499221, 463854.446542 6504823.963803, 463947.911124 6504859.521811, 463983.469132 6504766.057229, 463890.004550 6504730.499221))",32756,10000,0.1,"POLYGON((463918.957837 6504795.010516, 463910.068335 6504818.376662, 463933.434480 6504827.266163, 463942.323982 6504803.900018, 463918.957837 6504795.010516))",NA,NA,"R",625,0.1,NA,NA,NA,"EA",23512.4285310303,1,NA,NA,376.198856496485,NA,NA,37,592,4.14291012387398,66.2865619819836,0.812637319303309,58.1227947064239,NA,NA,NA,NA,NA,NA,NA,NA
"australia_ausplotsforests","NSFNNC004","NSFNNC004-12","1",0,"2013-10-07","Au","Wo",1506.55467848636,17.3435933201133,"Evergreen Broadleaf trees",NA,NA,NA,"Eastern Australian temperate forests",-31.591975,152.619338,0,1,"SW",339.171,"R",100,100,"POLYGON((463890.004550 6504730.499221, 463854.446542 6504823.963803, 463947.911124 6504859.521811, 463983.469132 6504766.057229, 463890.004550 6504730.499221))",32756,10000,0.1,"POLYGON((463910.068335 6504818.376662, 463901.178833 6504841.742807, 463924.544979 6504850.632309, 463933.434480 6504827.266163, 463910.068335 6504818.376662))",NA,NA,"R",625,0.1,NA,NA,NA,"EA",31519.3593525846,1,NA,NA,504.309749641354,NA,NA,25,400,5.0517021927228,80.8272350835648,0.82565003169899,68.9,NA,NA,NA,NA,NA,NA,NA,NA
"australia_ausplotsforests","NSFNNC004","NSFNNC004-13","1",0,"2013-10-07","Au","Wo",1506.55467848636,17.3435933201133,"Evergreen Broadleaf trees",NA,NA,NA,"Eastern Australian temperate forests",-31.591975,152.619338,0,1,"SW",339.171,"R",100,100,"POLYGON((463890.004550 6504730.499221, 463854.446542 6504823.963803, 463947.911124 6504859.521811, 463983.469132 6504766.057229, 463890.004550 6504730.499221))",32756,10000,0.1,"POLYGON((463960.102986 6504757.167727, 463951.213484 6504780.533872, 463974.579630 6504789.423374, 463983.469132 6504766.057229, 463960.102986 6504757.167727))",NA,NA,"R",625,0.1,NA,NA,NA,"EA",36332.4736277206,1,NA,NA,581.319578043529,NA,NA,30,480,4.9424815825281,79.0797053204495,0.8207445434377,64.2,NA,NA,NA,NA,NA,NA,NA,NA
"australia_ausplotsforests","NSFNNC004","NSFNNC004-14","1",0,"2013-10-07","Au","Wo",1506.55467848636,17.3435933201133,"Evergreen Broadleaf trees",NA,NA,NA,"Eastern Australian temperate forests",-31.591975,152.619338,0,1,"SW",339.171,"R",100,100,"POLYGON((463890.004550 6504730.499221, 463854.446542 6504823.963803, 463947.911124 6504859.521811, 463983.469132 6504766.057229, 463890.004550 6504730.499221))",32756,10000,0.1,"POLYGON((463951.213484 6504780.533872, 463942.323982 6504803.900018, 463965.690128 6504812.789520, 463974.579630 6504789.423374, 463951.213484 6504780.533872))",NA,NA,"R",625,0.1,NA,NA,NA,"EA",29273.7586237028,1,NA,NA,468.380137979244,NA,NA,28,448,4.61147395576791,73.7835832922866,0.825775795931209,68.6,NA,NA,NA,NA,NA,NA,NA,NA
"australia_ausplotsforests","NSFNNC004","NSFNNC004-15","1",0,"2013-10-07","Au","Wo",1506.55467848636,17.3435933201133,"Evergreen Broadleaf trees",NA,NA,NA,"Eastern Australian temperate forests",-31.591975,152.619338,0,1,"SW",339.171,"R",100,100,"POLYGON((463890.004550 6504730.499221, 463854.446542 6504823.963803, 463947.911124 6504859.521811, 463983.469132 6504766.057229, 463890.004550 6504730.499221))",32756,10000,0.1,"POLYGON((463942.323982 6504803.900018, 463933.434480 6504827.266163, 463956.800626 6504836.155665, 463965.690128 6504812.789520, 463942.323982 6504803.900018))",NA,NA,"R",625,0.1,NA,NA,NA,"EA",9472.98447817442,1,NA,NA,151.567751650791,NA,NA,36,576,2.15813121055045,34.5300993688072,0.800877449334496,50.0428031163203,NA,NA,NA,NA,NA,NA,NA,NA
"australia_ausplotsforests","NSFNNC004","NSFNNC004-16","1",0,"2013-10-07","Au","Wo",1506.55467848636,17.3435933201133,"Evergreen Broadleaf trees",NA,NA,NA,"Eastern Australian temperate forests",-31.591975,152.619338,0,1,"SW",339.171,"R",100,100,"POLYGON((463890.004550 6504730.499221, 463854.446542 6504823.963803, 463947.911124 6504859.521811, 463983.469132 6504766.057229, 463890.004550 6504730.499221))",32756,10000,0.1,"POLYGON((463933.434480 6504827.266163, 463924.544979 6504850.632309, 463947.911124 6504859.521811, 463956.800626 6504836.155665, 463933.434480 6504827.266163))",NA,NA,"R",625,0.1,NA,NA,NA,"EA",25969.4059133083,1,NA,NA,415.510494612932,NA,NA,39,624,3.96836559223502,63.4938494757603,0.809467499345897,69.6,NA,NA,NA,NA,NA,NA,NA,NA
"australia_ausplotsforests","NSFNNC004","NSFNNC004-2","1",0,"2013-10-07","Au","Wo",1506.55467848636,17.3435933201133,"Evergreen Broadleaf trees",NA,NA,NA,"Eastern Australian temperate forests",-31.591975,152.619338,0,1,"SW",339.171,"R",100,100,"POLYGON((463890.004550 6504730.499221, 463854.446542 6504823.963803, 463947.911124 6504859.521811, 463983.469132 6504766.057229, 463890.004550 6504730.499221))",32756,10000,0.1,"POLYGON((463881.115048 6504753.865367, 463872.225546 6504777.231512, 463895.591691 6504786.121014, 463904.481193 6504762.754869, 463881.115048 6504753.865367))",NA,NA,"R",625,0.1,NA,NA,NA,"EA",37124.2977535211,1,NA,NA,593.988764056338,NA,NA,46,736,5.70462096471469,91.2739354354351,0.823783705822746,59.033146286777,NA,NA,NA,NA,NA,NA,NA,NA
"australia_ausplotsforests","NSFNNC004","NSFNNC004-3","1",0,"2013-10-07","Au","Wo",1506.55467848636,17.3435933201133,"Evergreen Broadleaf trees",NA,NA,NA,"Eastern Australian temperate forests",-31.591975,152.619338,0,1,"SW",339.171,"R",100,100,"POLYGON((463890.004550 6504730.499221, 463854.446542 6504823.963803, 463947.911124 6504859.521811, 463983.469132 6504766.057229, 463890.004550 6504730.499221))",32756,10000,0.1,"POLYGON((463872.225546 6504777.231512, 463863.336044 6504800.597658, 463886.702189 6504809.487160, 463895.591691 6504786.121014, 463872.225546 6504777.231512))",NA,NA,"R",625,0.1,NA,NA,NA,"EA",28895.1179887073,1,NA,NA,462.321887819316,NA,NA,30,480,4.72060503057199,75.5296804891518,0.825001358758839,74.8,NA,NA,NA,NA,NA,NA,NA,NA
"australia_ausplotsforests","NSFNNC004","NSFNNC004-4","1",0,"2013-10-07","Au","Wo",1506.55467848636,17.3435933201133,"Evergreen Broadleaf trees",NA,NA,NA,"Eastern Australian temperate forests",-31.591975,152.619338,0,1,"SW",339.171,"R",100,100,"POLYGON((463890.004550 6504730.499221, 463854.446542 6504823.963803, 463947.911124 6504859.521811, 463983.469132 6504766.057229, 463890.004550 6504730.499221))",32756,10000,0.1,"POLYGON((463863.336044 6504800.597658, 463854.446542 6504823.963803, 463877.812688 6504832.853305, 463886.702189 6504809.487160, 463863.336044 6504800.597658))",NA,NA,"R",625,0.1,NA,NA,NA,"EA",30330.4670433616,1,NA,NA,485.287472693786,NA,NA,46,736,5.00762800398742,80.1220480637988,0.821477217526835,58.4078758352885,NA,NA,NA,NA,NA,NA,NA,NA
"australia_ausplotsforests","NSFNNC004","NSFNNC004-5","1",0,"2013-10-07","Au","Wo",1506.55467848636,17.3435933201133,"Evergreen Broadleaf trees",NA,NA,NA,"Eastern Australian temperate forests",-31.591975,152.619338,0,1,"SW",339.171,"R",100,100,"POLYGON((463890.004550 6504730.499221, 463854.446542 6504823.963803, 463947.911124 6504859.521811, 463983.469132 6504766.057229, 463890.004550 6504730.499221))",32756,10000,0.1,"POLYGON((463913.370695 6504739.388723, 463904.481193 6504762.754869, 463927.847339 6504771.644371, 463936.736841 6504748.278225, 463913.370695 6504739.388723))",NA,NA,"R",625,0.1,NA,NA,NA,"EA",42636.6054091939,1,NA,NA,682.185686547103,NA,NA,26,416,5.54231529265596,88.6770446824953,0.82736584670943,59.0887805535122,NA,NA,NA,NA,NA,NA,NA,NA
"australia_ausplotsforests","NSFNNC004","NSFNNC004-6","1",0,"2013-10-07","Au","Wo",1506.55467848636,17.3435933201133,"Evergreen Broadleaf trees",NA,NA,NA,"Eastern Australian temperate forests",-31.591975,152.619338,0,1,"SW",339.171,"R",100,100,"POLYGON((463890.004550 6504730.499221, 463854.446542 6504823.963803, 463947.911124 6504859.521811, 463983.469132 6504766.057229, 463890.004550 6504730.499221))",32756,10000,0.1,"POLYGON((463904.481193 6504762.754869, 463895.591691 6504786.121014, 463918.957837 6504795.010516, 463927.847339 6504771.644371, 463904.481193 6504762.754869))",NA,NA,"R",625,0.1,NA,NA,NA,"EA",34699.9071391048,1,NA,NA,555.198514225677,NA,NA,37,592,5.58615072034966,89.3784115255945,0.824802708021007,66,NA,NA,NA,NA,NA,NA,NA,NA
"australia_ausplotsforests","NSFNNC004","NSFNNC004-7","1",0,"2013-10-07","Au","Wo",1506.55467848636,17.3435933201133,"Evergreen Broadleaf trees",NA,NA,NA,"Eastern Australian temperate forests",-31.591975,152.619338,0,1,"SW",339.171,"R",100,100,"POLYGON((463890.004550 6504730.499221, 463854.446542 6504823.963803, 463947.911124 6504859.521811, 463983.469132 6504766.057229, 463890.004550 6504730.499221))",32756,10000,0.1,"POLYGON((463895.591691 6504786.121014, 463886.702189 6504809.487160, 463910.068335 6504818.376662, 463918.957837 6504795.010516, 463895.591691 6504786.121014))",NA,NA,"R",625,0.1,NA,NA,NA,"EA",61436.7522435301,1,NA,NA,982.988035896482,NA,NA,25,400,6.90414465710651,110.466314513704,0.824973512105115,58.3,NA,NA,NA,NA,NA,NA,NA,NA
"australia_ausplotsforests","NSFNNC004","NSFNNC004-8","1",0,"2013-10-07","Au","Wo",1506.55467848636,17.3435933201133,"Evergreen Broadleaf trees",NA,NA,NA,"Eastern Australian temperate forests",-31.591975,152.619338,0,1,"SW",339.171,"R",100,100,"POLYGON((463890.004550 6504730.499221, 463854.446542 6504823.963803, 463947.911124 6504859.521811, 463983.469132 6504766.057229, 463890.004550 6504730.499221))",32756,10000,0.1,"POLYGON((463886.702189 6504809.487160, 463877.812688 6504832.853305, 463901.178833 6504841.742807, 463910.068335 6504818.376662, 463886.702189 6504809.487160))",NA,NA,"R",625,0.1,NA,NA,NA,"EA",15856.4914912898,1,NA,NA,253.703863860637,NA,NA,35,560,3.07365885404857,49.1785416647771,0.814804750244729,61.5,NA,NA,NA,NA,NA,NA,NA,NA
"australia_ausplotsforests","NSFNNC004","NSFNNC004-9","1",0,"2013-10-07","Au","Wo",1506.55467848636,17.3435933201133,"Evergreen Broadleaf trees",NA,NA,NA,"Eastern Australian temperate forests",-31.591975,152.619338,0,1,"SW",339.171,"R",100,100,"POLYGON((463890.004550 6504730.499221, 463854.446542 6504823.963803, 463947.911124 6504859.521811, 463983.469132 6504766.057229, 463890.004550 6504730.499221))",32756,10000,0.1,"POLYGON((463936.736841 6504748.278225, 463927.847339 6504771.644371, 463951.213484 6504780.533872, 463960.102986 6504757.167727, 463936.736841 6504748.278225))",NA,NA,"R",625,0.1,NA,NA,NA,"EA",52146.5357978536,1,NA,NA,834.344572765657,NA,NA,35,560,7.07655604733368,113.224896757339,0.812692567710269,58.2,NA,NA,NA,NA,NA,NA,NA,NA
"australia_ausplotsforests","NSFNNC005","NSFNNC005-1","1",0,"2013-10-31","Au","Wo",1569.87961019944,17.3326555795973,"Evergreen Broadleaf trees",NA,NA,NA,"Eastern Australian temperate forests",-31.686657,152.682894,0,1,"SW",270.224,"R",100,100,"POLYGON((469949.159678 6494253.471021, 469849.160442 6494253.861974, 469849.551395 6494353.861209, 469949.550630 6494353.470257, 469949.159678 6494253.471021))",32756,10000,0.1,"POLYGON((469949.159678 6494253.471021, 469924.159869 6494253.568759, 469924.257607 6494278.568568, 469949.257416 6494278.470830, 469949.159678 6494253.471021))",NA,NA,"R",625,0.1,NA,NA,NA,"EA",86048.0703493222,1,NA,NA,1376.76912558915,NA,NA,44,704,10.9296715276736,174.874744442778,0.806031619955057,59.0689493346952,NA,NA,NA,NA,NA,NA,NA,NA
"australia_ausplotsforests","NSFNNC005","NSFNNC005-10","1",0,"2013-10-31","Au","Wo",1569.87961019944,17.3326555795973,"Evergreen Broadleaf trees",NA,NA,NA,"Eastern Australian temperate forests",-31.686657,152.682894,0,1,"SW",270.224,"R",100,100,"POLYGON((469949.159678 6494253.471021, 469849.160442 6494253.861974, 469849.551395 6494353.861209, 469949.550630 6494353.470257, 469949.159678 6494253.471021))",32756,10000,0.1,"POLYGON((469924.355345 6494303.568377, 469899.355536 6494303.666115, 469899.453274 6494328.665924, 469924.453083 6494328.568186, 469924.355345 6494303.568377))",NA,NA,"R",625,0.1,NA,NA,NA,"EA",85193.327560267,1,NA,NA,1363.09324096427,NA,NA,33,528,10.7342338340919,171.747741345471,0.821715732963991,71.6,NA,NA,NA,NA,NA,NA,NA,NA
"australia_ausplotsforests","NSFNNC005","NSFNNC005-11","1",0,"2013-10-31","Au","Wo",1569.87961019944,17.3326555795973,"Evergreen Broadleaf trees",NA,NA,NA,"Eastern Australian temperate forests",-31.686657,152.682894,0,1,"SW",270.224,"R",100,100,"POLYGON((469949.159678 6494253.471021, 469849.160442 6494253.861974, 469849.551395 6494353.861209, 469949.550630 6494353.470257, 469949.159678 6494253.471021))",32756,10000,0.1,"POLYGON((469899.355536 6494303.666115, 469874.355727 6494303.763853, 469874.453465 6494328.763662, 469899.453274 6494328.665924, 469899.355536 6494303.666115))",NA,NA,"R",625,0.1,NA,NA,NA,"EA",23983.147165019,1,NA,NA,383.730354640305,NA,NA,29,464,3.90550075244036,62.4880120390458,0.788242964557976,63.2,NA,NA,NA,NA,NA,NA,NA,NA
"australia_ausplotsforests","NSFNNC005","NSFNNC005-12","1",0,"2013-10-31","Au","Wo",1569.87961019944,17.3326555795973,"Evergreen Broadleaf trees",NA,NA,NA,"Eastern Australian temperate forests",-31.686657,152.682894,0,1,"SW",270.224,"R",100,100,"POLYGON((469949.159678 6494253.471021, 469849.160442 6494253.861974, 469849.551395 6494353.861209, 469949.550630 6494353.470257, 469949.159678 6494253.471021))",32756,10000,0.1,"POLYGON((469874.355727 6494303.763853, 469849.355918 6494303.861591, 469849.453657 6494328.861400, 469874.453465 6494328.763662, 469874.355727 6494303.763853))",NA,NA,"R",625,0.1,NA,NA,NA,"EA",44740.7730974697,1,NA,NA,715.852369559516,NA,NA,41,656,6.53386319518564,104.54181112297,0.80150095375618,72.6,NA,NA,NA,NA,NA,NA,NA,NA
"australia_ausplotsforests","NSFNNC005","NSFNNC005-13","1",0,"2013-10-31","Au","Wo",1569.87961019944,17.3326555795973,"Evergreen Broadleaf trees",NA,NA,NA,"Eastern Australian temperate forests",-31.686657,152.682894,0,1,"SW",270.224,"R",100,100,"POLYGON((469949.159678 6494253.471021, 469849.160442 6494253.861974, 469849.551395 6494353.861209, 469949.550630 6494353.470257, 469949.159678 6494253.471021))",32756,10000,0.1,"POLYGON((469949.452892 6494328.470448, 469924.453083 6494328.568186, 469924.550822 6494353.567995, 469949.550630 6494353.470257, 469949.452892 6494328.470448))",NA,NA,"R",625,0.1,NA,NA,NA,"EA",51042.7404175905,1,NA,NA,816.683846681448,NA,NA,64,1024,7.64093766976394,122.255002716223,0.792487317565273,59.042514380956,NA,NA,NA,NA,NA,NA,NA,NA
"australia_ausplotsforests","NSFNNC005","NSFNNC005-14","1",0,"2013-10-31","Au","Wo",1569.87961019944,17.3326555795973,"Evergreen Broadleaf trees",NA,NA,NA,"Eastern Australian temperate forests",-31.686657,152.682894,0,1,"SW",270.224,"R",100,100,"POLYGON((469949.159678 6494253.471021, 469849.160442 6494253.861974, 469849.551395 6494353.861209, 469949.550630 6494353.470257, 469949.159678 6494253.471021))",32756,10000,0.1,"POLYGON((469924.453083 6494328.568186, 469899.453274 6494328.665924, 469899.551013 6494353.665733, 469924.550822 6494353.567995, 469924.453083 6494328.568186))",NA,NA,"R",625,0.1,NA,NA,NA,"EA",101247.439351784,1,NA,NA,1619.95902962855,NA,NA,49,784,13.7149714460308,219.439543136493,0.812120124048866,61,NA,NA,NA,NA,NA,NA,NA,NA
"australia_ausplotsforests","NSFNNC005","NSFNNC005-15","1",0,"2013-10-31","Au","Wo",1569.87961019944,17.3326555795973,"Evergreen Broadleaf trees",NA,NA,NA,"Eastern Australian temperate forests",-31.686657,152.682894,0,1,"SW",270.224,"R",100,100,"POLYGON((469949.159678 6494253.471021, 469849.160442 6494253.861974, 469849.551395 6494353.861209, 469949.550630 6494353.470257, 469949.159678 6494253.471021))",32756,10000,0.1,"POLYGON((469899.453274 6494328.665924, 469874.453465 6494328.763662, 469874.551204 6494353.763471, 469899.551013 6494353.665733, 469899.453274 6494328.665924))",NA,NA,"R",625,0.1,NA,NA,NA,"EA",30585.1675583512,1,NA,NA,489.36268093362,NA,NA,45,720,4.8483861701641,77.5741787226256,0.795927131154952,64.2,NA,NA,NA,NA,NA,NA,NA,NA
"australia_ausplotsforests","NSFNNC005","NSFNNC005-16","1",0,"2013-10-31","Au","Wo",1569.87961019944,17.3326555795973,"Evergreen Broadleaf trees",NA,NA,NA,"Eastern Australian temperate forests",-31.686657,152.682894,0,1,"SW",270.224,"R",100,100,"POLYGON((469949.159678 6494253.471021, 469849.160442 6494253.861974, 469849.551395 6494353.861209, 469949.550630 6494353.470257, 469949.159678 6494253.471021))",32756,10000,0.1,"POLYGON((469874.453465 6494328.763662, 469849.453657 6494328.861400, 469849.551395 6494353.861209, 469874.551204 6494353.763471, 469874.453465 6494328.763662))",NA,NA,"R",625,0.1,NA,NA,NA,"EA",51774.9584192578,1,NA,NA,828.399334708124,NA,NA,50,800,7.45122867038611,119.219658726178,0.792128630826824,59.0441039429949,NA,NA,NA,NA,NA,NA,NA,NA
"australia_ausplotsforests","NSFNNC005","NSFNNC005-2","1",0,"2013-10-31","Au","Wo",1569.87961019944,17.3326555795973,"Evergreen Broadleaf trees",NA,NA,NA,"Eastern Australian temperate forests",-31.686657,152.682894,0,1,"SW",270.224,"R",100,100,"POLYGON((469949.159678 6494253.471021, 469849.160442 6494253.861974, 469849.551395 6494353.861209, 469949.550630 6494353.470257, 469949.159678 6494253.471021))",32756,10000,0.1,"POLYGON((469924.159869 6494253.568759, 469899.160060 6494253.666497, 469899.257798 6494278.666306, 469924.257607 6494278.568568, 469924.159869 6494253.568759))",NA,NA,"R",625,0.1,NA,NA,NA,"EA",28698.9635938082,1,NA,NA,459.183417500931,NA,NA,45,720,4.93293820944465,78.9270113511145,0.793256099439155,77.1,NA,NA,NA,NA,NA,NA,NA,NA
"australia_ausplotsforests","NSFNNC005","NSFNNC005-3","1",0,"2013-10-31","Au","Wo",1569.87961019944,17.3326555795973,"Evergreen Broadleaf trees",NA,NA,NA,"Eastern Australian temperate forests",-31.686657,152.682894,0,1,"SW",270.224,"R",100,100,"POLYGON((469949.159678 6494253.471021, 469849.160442 6494253.861974, 469849.551395 6494353.861209, 469949.550630 6494353.470257, 469949.159678 6494253.471021))",32756,10000,0.1,"POLYGON((469899.160060 6494253.666497, 469874.160251 6494253.764235, 469874.257989 6494278.764044, 469899.257798 6494278.666306, 469899.160060 6494253.666497))",NA,NA,"R",625,0.1,NA,NA,NA,"EA",29139.7276090547,1,NA,NA,466.235641744875,NA,NA,48,768,4.89249727261316,78.2799563618105,0.796511770189142,68.5,NA,NA,NA,NA,NA,NA,NA,NA
"australia_ausplotsforests","NSFNNC005","NSFNNC005-4","1",0,"2013-10-31","Au","Wo",1569.87961019944,17.3326555795973,"Evergreen Broadleaf trees",NA,NA,NA,"Eastern Australian temperate forests",-31.686657,152.682894,0,1,"SW",270.224,"R",100,100,"POLYGON((469949.159678 6494253.471021, 469849.160442 6494253.861974, 469849.551395 6494353.861209, 469949.550630 6494353.470257, 469949.159678 6494253.471021))",32756,10000,0.1,"POLYGON((469874.160251 6494253.764235, 469849.160442 6494253.861974, 469849.258180 6494278.861783, 469874.257989 6494278.764044, 469874.160251 6494253.764235))",NA,NA,"R",625,0.1,NA,NA,NA,"EA",80853.5565661021,1,NA,NA,1293.65690505763,NA,NA,48,768,9.12429876062046,145.988780169927,0.813294051605646,62.7,NA,NA,NA,NA,NA,NA,NA,NA
"australia_ausplotsforests","NSFNNC005","NSFNNC005-5","1",0,"2013-10-31","Au","Wo",1569.87961019944,17.3326555795973,"Evergreen Broadleaf trees",NA,NA,NA,"Eastern Australian temperate forests",-31.686657,152.682894,0,1,"SW",270.224,"R",100,100,"POLYGON((469949.159678 6494253.471021, 469849.160442 6494253.861974, 469849.551395 6494353.861209, 469949.550630 6494353.470257, 469949.159678 6494253.471021))",32756,10000,0.1,"POLYGON((469949.257416 6494278.470830, 469924.257607 6494278.568568, 469924.355345 6494303.568377, 469949.355154 6494303.470639, 469949.257416 6494278.470830))",NA,NA,"R",625,0.1,NA,NA,NA,"EA",36852.4886734001,1,NA,NA,589.639818774402,NA,NA,38,608,5.75885977648076,92.1417564236921,0.81140873685326,58.8542772897002,NA,NA,NA,NA,NA,NA,NA,NA
"australia_ausplotsforests","NSFNNC005","NSFNNC005-6","1",0,"2013-10-31","Au","Wo",1569.87961019944,17.3326555795973,"Evergreen Broadleaf trees",NA,NA,NA,"Eastern Australian temperate forests",-31.686657,152.682894,0,1,"SW",270.224,"R",100,100,"POLYGON((469949.159678 6494253.471021, 469849.160442 6494253.861974, 469849.551395 6494353.861209, 469949.550630 6494353.470257, 469949.159678 6494253.471021))",32756,10000,0.1,"POLYGON((469924.257607 6494278.568568, 469899.257798 6494278.666306, 469899.355536 6494303.666115, 469924.355345 6494303.568377, 469924.257607 6494278.568568))",NA,NA,"R",625,0.1,NA,NA,NA,"EA",19237.863267687,1,NA,NA,307.805812282992,NA,NA,38,608,3.52481904803978,56.3971047686365,0.813988928655138,60.8,NA,NA,NA,NA,NA,NA,NA,NA
"australia_ausplotsforests","NSFNNC005","NSFNNC005-7","1",0,"2013-10-31","Au","Wo",1569.87961019944,17.3326555795973,"Evergreen Broadleaf trees",NA,NA,NA,"Eastern Australian temperate forests",-31.686657,152.682894,0,1,"SW",270.224,"R",100,100,"POLYGON((469949.159678 6494253.471021, 469849.160442 6494253.861974, 469849.551395 6494353.861209, 469949.550630 6494353.470257, 469949.159678 6494253.471021))",32756,10000,0.1,"POLYGON((469899.257798 6494278.666306, 469874.257989 6494278.764044, 469874.355727 6494303.763853, 469899.355536 6494303.666115, 469899.257798 6494278.666306))",NA,NA,"R",625,0.1,NA,NA,NA,"EA",83282.5200725418,1,NA,NA,1332.52032116067,NA,NA,43,688,10.7044287591892,171.270860147027,0.823133363873143,59.9,NA,NA,NA,NA,NA,NA,NA,NA
"australia_ausplotsforests","NSFNNC005","NSFNNC005-8","1",0,"2013-10-31","Au","Wo",1569.87961019944,17.3326555795973,"Evergreen Broadleaf trees",NA,NA,NA,"Eastern Australian temperate forests",-31.686657,152.682894,0,1,"SW",270.224,"R",100,100,"POLYGON((469949.159678 6494253.471021, 469849.160442 6494253.861974, 469849.551395 6494353.861209, 469949.550630 6494353.470257, 469949.159678 6494253.471021))",32756,10000,0.1,"POLYGON((469874.257989 6494278.764044, 469849.258180 6494278.861783, 469849.355918 6494303.861591, 469874.355727 6494303.763853, 469874.257989 6494278.764044))",NA,NA,"R",625,0.1,NA,NA,NA,"EA",124774.970400862,1,NA,NA,1996.39952641379,NA,NA,45,720,14.8922016115546,238.275225784873,0.814085303242268,68.3,NA,NA,NA,NA,NA,NA,NA,NA
"australia_ausplotsforests","NSFNNC005","NSFNNC005-9","1",0,"2013-10-31","Au","Wo",1569.87961019944,17.3326555795973,"Evergreen Broadleaf trees",NA,NA,NA,"Eastern Australian temperate forests",-31.686657,152.682894,0,1,"SW",270.224,"R",100,100,"POLYGON((469949.159678 6494253.471021, 469849.160442 6494253.861974, 469849.551395 6494353.861209, 469949.550630 6494353.470257, 469949.159678 6494253.471021))",32756,10000,0.1,"POLYGON((469949.355154 6494303.470639, 469924.355345 6494303.568377, 469924.453083 6494328.568186, 469949.452892 6494328.470448, 469949.355154 6494303.470639))",NA,NA,"R",625,0.1,NA,NA,NA,"EA",42388.8462571222,1,NA,NA,678.221540113955,NA,NA,45,720,6.76674317541094,108.267890806575,0.799747130523375,70.5,NA,NA,NA,NA,NA,NA,NA,NA
"australia_ausplotsforests","NSFNNC007","NSFNNC007-1","1",0,"2013-11-13","Au","Wo",1683.64667778815,18.3061777070822,"Evergreen Broadleaf trees",NA,NA,NA,"Eastern Australian temperate forests",-30.24019,153.091808,0,1,"SW",200.857,"R",100,100,"POLYGON((508828.269970 6654600.598612, 508792.666291 6654507.151418, 508699.219097 6654542.755097, 508734.822776 6654636.202291, 508828.269970 6654600.598612))",32756,10000,0.1,"POLYGON((508828.269970 6654600.598612, 508819.369050 6654577.236814, 508796.007252 6654586.137733, 508804.908172 6654609.499532, 508828.269970 6654600.598612))",NA,NA,"R",625,0.1,NA,NA,NA,"EA",24654.2178927061,1,NA,NA,394.467486283298,NA,NA,66,1056,5.01237887747782,80.1980620396451,0.793936564132802,61.4,NA,NA,NA,NA,NA,NA,NA,NA
"australia_ausplotsforests","NSFNNC007","NSFNNC007-10","1",0,"2013-11-13","Au","Wo",1683.64667778815,18.3061777070822,"Evergreen Broadleaf trees",NA,NA,NA,"Eastern Australian temperate forests",-30.24019,153.091808,0,1,"SW",200.857,"R",100,100,"POLYGON((508828.269970 6654600.598612, 508792.666291 6654507.151418, 508699.219097 6654542.755097, 508734.822776 6654636.202291, 508828.269970 6654600.598612))",32756,10000,0.1,"POLYGON((508772.645453 6654595.038653, 508763.744534 6654571.676854, 508740.382735 6654580.577774, 508749.283655 6654603.939573, 508772.645453 6654595.038653))",NA,NA,"R",625,0.1,NA,NA,NA,"EA",41628.4982521545,1,NA,NA,666.055972034472,NA,NA,73,1168,6.63731191427753,106.196990628441,0.803123756182835,62.4,NA,NA,NA,NA,NA,NA,NA,NA
"australia_ausplotsforests","NSFNNC007","NSFNNC007-11","1",0,"2013-11-13","Au","Wo",1683.64667778815,18.3061777070822,"Evergreen Broadleaf trees",NA,NA,NA,"Eastern Australian temperate forests",-30.24019,153.091808,0,1,"SW",200.857,"R",100,100,"POLYGON((508828.269970 6654600.598612, 508792.666291 6654507.151418, 508699.219097 6654542.755097, 508734.822776 6654636.202291, 508828.269970 6654600.598612))",32756,10000,0.1,"POLYGON((508763.744534 6654571.676854, 508754.843614 6654548.315056, 508731.481816 6654557.215976, 508740.382735 6654580.577774, 508763.744534 6654571.676854))",NA,NA,"R",625,0.1,NA,NA,NA,"EA",26693.042288637,1,NA,NA,427.088676618192,NA,NA,56,896,4.74754026058571,75.9606441693713,0.808248726923624,58.3571576291527,NA,NA,NA,NA,NA,NA,NA,NA
"australia_ausplotsforests","NSFNNC007","NSFNNC007-12","1",0,"2013-11-13","Au","Wo",1683.64667778815,18.3061777070822,"Evergreen Broadleaf trees",NA,NA,NA,"Eastern Australian temperate forests",-30.24019,153.091808,0,1,"SW",200.857,"R",100,100,"POLYGON((508828.269970 6654600.598612, 508792.666291 6654507.151418, 508699.219097 6654542.755097, 508734.822776 6654636.202291, 508828.269970 6654600.598612))",32756,10000,0.1,"POLYGON((508754.843614 6654548.315056, 508745.942694 6654524.953257, 508722.580896 6654533.854177, 508731.481816 6654557.215976, 508754.843614 6654548.315056))",NA,NA,"R",625,0.1,NA,NA,NA,"EA",18878.936398988,1,NA,NA,302.062982383808,NA,NA,66,1056,4.01382915032144,64.2212664051431,0.780537044718974,62.8,NA,NA,NA,NA,NA,NA,NA,NA
"australia_ausplotsforests","NSFNNC007","NSFNNC007-13","1",0,"2013-11-13","Au","Wo",1683.64667778815,18.3061777070822,"Evergreen Broadleaf trees",NA,NA,NA,"Eastern Australian temperate forests",-30.24019,153.091808,0,1,"SW",200.857,"R",100,100,"POLYGON((508828.269970 6654600.598612, 508792.666291 6654507.151418, 508699.219097 6654542.755097, 508734.822776 6654636.202291, 508828.269970 6654600.598612))",32756,10000,0.1,"POLYGON((508758.184575 6654627.301371, 508749.283655 6654603.939573, 508725.921856 6654612.840492, 508734.822776 6654636.202291, 508758.184575 6654627.301371))",NA,NA,"R",625,0.1,NA,NA,NA,"EA",14727.3595682151,1,NA,NA,235.637753091441,NA,NA,55,880,3.11496058726715,49.8393693962744,0.784753837662329,57.1838830887397,NA,NA,NA,NA,NA,NA,NA,NA
"australia_ausplotsforests","NSFNNC007","NSFNNC007-14","1",0,"2013-11-13","Au","Wo",1683.64667778815,18.3061777070822,"Evergreen Broadleaf trees",NA,NA,NA,"Eastern Australian temperate forests",-30.24019,153.091808,0,1,"SW",200.857,"R",100,100,"POLYGON((508828.269970 6654600.598612, 508792.666291 6654507.151418, 508699.219097 6654542.755097, 508734.822776 6654636.202291, 508828.269970 6654600.598612))",32756,10000,0.1,"POLYGON((508749.283655 6654603.939573, 508740.382735 6654580.577774, 508717.020937 6654589.478694, 508725.921856 6654612.840492, 508749.283655 6654603.939573))",NA,NA,"R",625,0.1,NA,NA,NA,"EA",58640.4765034125,1,NA,NA,938.2476240546,NA,NA,69,1104,8.40894162003663,134.543065920586,0.811068275738136,59.103898030331,NA,NA,NA,NA,NA,NA,NA,NA
"australia_ausplotsforests","NSFNNC007","NSFNNC007-15","1",0,"2013-11-13","Au","Wo",1683.64667778815,18.3061777070822,"Evergreen Broadleaf trees",NA,NA,NA,"Eastern Australian temperate forests",-30.24019,153.091808,0,1,"SW",200.857,"R",100,100,"POLYGON((508828.269970 6654600.598612, 508792.666291 6654507.151418, 508699.219097 6654542.755097, 508734.822776 6654636.202291, 508828.269970 6654600.598612))",32756,10000,0.1,"POLYGON((508740.382735 6654580.577774, 508731.481816 6654557.215976, 508708.120017 6654566.116895, 508717.020937 6654589.478694, 508740.382735 6654580.577774))",NA,NA,"R",625,0.1,NA,NA,NA,"EA",34809.0355766504,1,NA,NA,556.944569226406,NA,NA,76,1216,6.50445631715171,104.071301074427,0.804357179389668,57.9842656309497,NA,NA,NA,NA,NA,NA,NA,NA
"australia_ausplotsforests","NSFNNC007","NSFNNC007-16","1",0,"2013-11-13","Au","Wo",1683.64667778815,18.3061777070822,"Evergreen Broadleaf trees",NA,NA,NA,"Eastern Australian temperate forests",-30.24019,153.091808,0,1,"SW",200.857,"R",100,100,"POLYGON((508828.269970 6654600.598612, 508792.666291 6654507.151418, 508699.219097 6654542.755097, 508734.822776 6654636.202291, 508828.269970 6654600.598612))",32756,10000,0.1,"POLYGON((508731.481816 6654557.215976, 508722.580896 6654533.854177, 508699.219097 6654542.755097, 508708.120017 6654566.116895, 508731.481816 6654557.215976))",NA,NA,"R",625,0.1,NA,NA,NA,"EA",31298.5289668836,1,NA,NA,500.776463470138,NA,NA,59,944,5.3367561729426,85.3880987670815,0.796405553577975,58.2016646572716,NA,NA,NA,NA,NA,NA,NA,NA
"australia_ausplotsforests","NSFNNC007","NSFNNC007-2","1",0,"2013-11-13","Au","Wo",1683.64667778815,18.3061777070822,"Evergreen Broadleaf trees",NA,NA,NA,"Eastern Australian temperate forests",-30.24019,153.091808,0,1,"SW",200.857,"R",100,100,"POLYGON((508828.269970 6654600.598612, 508792.666291 6654507.151418, 508699.219097 6654542.755097, 508734.822776 6654636.202291, 508828.269970 6654600.598612))",32756,10000,0.1,"POLYGON((508819.369050 6654577.236814, 508810.468131 6654553.875015, 508787.106332 6654562.775935, 508796.007252 6654586.137733, 508819.369050 6654577.236814))",NA,NA,"R",625,0.1,NA,NA,NA,"EA",26772.5851139286,1,NA,NA,428.361361822858,NA,NA,56,896,4.83774088345741,77.4038541353186,0.814014450368001,63.8,NA,NA,NA,NA,NA,NA,NA,NA
"australia_ausplotsforests","NSFNNC007","NSFNNC007-3","1",0,"2013-11-13","Au","Wo",1683.64667778815,18.3061777070822,"Evergreen Broadleaf trees",NA,NA,NA,"Eastern Australian temperate forests",-30.24019,153.091808,0,1,"SW",200.857,"R",100,100,"POLYGON((508828.269970 6654600.598612, 508792.666291 6654507.151418, 508699.219097 6654542.755097, 508734.822776 6654636.202291, 508828.269970 6654600.598612))",32756,10000,0.1,"POLYGON((508810.468131 6654553.875015, 508801.567211 6654530.513217, 508778.205413 6654539.414136, 508787.106332 6654562.775935, 508810.468131 6654553.875015))",NA,NA,"R",625,0.1,NA,NA,NA,"EA",72828.4044416035,1,NA,NA,1165.25447106566,NA,NA,64,1024,9.69790488447982,155.166478151677,0.819010016361451,59.1026667546987,NA,NA,NA,NA,NA,NA,NA,NA
"australia_ausplotsforests","NSFNNC007","NSFNNC007-4","1",0,"2013-11-13","Au","Wo",1683.64667778815,18.3061777070822,"Evergreen Broadleaf trees",NA,NA,NA,"Eastern Australian temperate forests",-30.24019,153.091808,0,1,"SW",200.857,"R",100,100,"POLYGON((508828.269970 6654600.598612, 508792.666291 6654507.151418, 508699.219097 6654542.755097, 508734.822776 6654636.202291, 508828.269970 6654600.598612))",32756,10000,0.1,"POLYGON((508801.567211 6654530.513217, 508792.666291 6654507.151418, 508769.304493 6654516.052338, 508778.205413 6654539.414136, 508801.567211 6654530.513217))",NA,NA,"R",625,0.1,NA,NA,NA,"EA",42248.6493316471,1,NA,NA,675.978389306354,NA,NA,57,912,6.62368447074443,105.978951531911,0.804983334607924,62.6,NA,NA,NA,NA,NA,NA,NA,NA
"australia_ausplotsforests","NSFNNC007","NSFNNC007-5","1",0,"2013-11-13","Au","Wo",1683.64667778815,18.3061777070822,"Evergreen Broadleaf trees",NA,NA,NA,"Eastern Australian temperate forests",-30.24019,153.091808,0,1,"SW",200.857,"R",100,100,"POLYGON((508828.269970 6654600.598612, 508792.666291 6654507.151418, 508699.219097 6654542.755097, 508734.822776 6654636.202291, 508828.269970 6654600.598612))",32756,10000,0.1,"POLYGON((508804.908172 6654609.499532, 508796.007252 6654586.137733, 508772.645453 6654595.038653, 508781.546373 6654618.400451, 508804.908172 6654609.499532))",NA,NA,"R",625,0.1,NA,NA,NA,"EA",9312.62575768094,1,NA,NA,149.002012122895,NA,NA,55,880,2.21008608445735,35.3613773513177,0.757131382842596,58.5,NA,NA,NA,NA,NA,NA,NA,NA
"australia_ausplotsforests","NSFNNC007","NSFNNC007-6","1",0,"2013-11-13","Au","Wo",1683.64667778815,18.3061777070822,"Evergreen Broadleaf trees",NA,NA,NA,"Eastern Australian temperate forests",-30.24019,153.091808,0,1,"SW",200.857,"R",100,100,"POLYGON((508828.269970 6654600.598612, 508792.666291 6654507.151418, 508699.219097 6654542.755097, 508734.822776 6654636.202291, 508828.269970 6654600.598612))",32756,10000,0.1,"POLYGON((508796.007252 6654586.137733, 508787.106332 6654562.775935, 508763.744534 6654571.676854, 508772.645453 6654595.038653, 508796.007252 6654586.137733))",NA,NA,"R",625,0.1,NA,NA,NA,"EA",12228.4181271157,1,NA,NA,195.654690033851,NA,NA,58,928,2.72574788801575,43.6119662082519,0.727066593449582,52.9214408244564,NA,NA,NA,NA,NA,NA,NA,NA
"australia_ausplotsforests","NSFNNC007","NSFNNC007-7","1",0,"2013-11-13","Au","Wo",1683.64667778815,18.3061777070822,"Evergreen Broadleaf trees",NA,NA,NA,"Eastern Australian temperate forests",-30.24019,153.091808,0,1,"SW",200.857,"R",100,100,"POLYGON((508828.269970 6654600.598612, 508792.666291 6654507.151418, 508699.219097 6654542.755097, 508734.822776 6654636.202291, 508828.269970 6654600.598612))",32756,10000,0.1,"POLYGON((508787.106332 6654562.775935, 508778.205413 6654539.414136, 508754.843614 6654548.315056, 508763.744534 6654571.676854, 508787.106332 6654562.775935))",NA,NA,"R",625,0.1,NA,NA,NA,"EA",14767.6980064056,1,NA,NA,236.283168102489,NA,NA,49,784,3.15632986472778,50.5012778356445,0.775503711168915,64.6,NA,NA,NA,NA,NA,NA,NA,NA
"australia_ausplotsforests","NSFNNC007","NSFNNC007-8","1",0,"2013-11-13","Au","Wo",1683.64667778815,18.3061777070822,"Evergreen Broadleaf trees",NA,NA,NA,"Eastern Australian temperate forests",-30.24019,153.091808,0,1,"SW",200.857,"R",100,100,"POLYGON((508828.269970 6654600.598612, 508792.666291 6654507.151418, 508699.219097 6654542.755097, 508734.822776 6654636.202291, 508828.269970 6654600.598612))",32756,10000,0.1,"POLYGON((508778.205413 6654539.414136, 508769.304493 6654516.052338, 508745.942694 6654524.953257, 508754.843614 6654548.315056, 508778.205413 6654539.414136))",NA,NA,"R",625,0.1,NA,NA,NA,"EA",17320.2691442798,1,NA,NA,277.124306308477,NA,NA,58,928,3.61349207148368,57.8158731437389,0.788714052538123,56.2641391074092,NA,NA,NA,NA,NA,NA,NA,NA
"australia_ausplotsforests","NSFNNC007","NSFNNC007-9","1",0,"2013-11-13","Au","Wo",1683.64667778815,18.3061777070822,"Evergreen Broadleaf trees",NA,NA,NA,"Eastern Australian temperate forests",-30.24019,153.091808,0,1,"SW",200.857,"R",100,100,"POLYGON((508828.269970 6654600.598612, 508792.666291 6654507.151418, 508699.219097 6654542.755097, 508734.822776 6654636.202291, 508828.269970 6654600.598612))",32756,10000,0.1,"POLYGON((508781.546373 6654618.400451, 508772.645453 6654595.038653, 508749.283655 6654603.939573, 508758.184575 6654627.301371, 508781.546373 6654618.400451))",NA,NA,"R",625,0.1,NA,NA,NA,"EA",26457.0430873803,1,NA,NA,423.312689398085,NA,NA,69,1104,5.14725766027255,82.3561225643608,0.779521667456251,58.2061154586623,NA,NA,NA,NA,NA,NA,NA,NA
"australia_ausplotsforests","NSFNNC008","NSFNNC008-1","1",0,"2013-11-20","Au","Wo",1165.15211769026,17.5199910311835,"Evergreen Broadleaf trees",NA,NA,NA,"Eastern Australian temperate forests",-32.345474,152.259035,0,1,"SW",21.323,"R",100,100,"POLYGON((430264.755510 6421023.849482, 430301.118031 6421117.004015, 430394.272564 6421080.641494, 430357.910043 6420987.486961, 430264.755510 6421023.849482))",32756,10000,0.1,"POLYGON((430264.755510 6421023.849482, 430273.846140 6421047.138115, 430297.134773 6421038.047485, 430288.044143 6421014.758851, 430264.755510 6421023.849482))",NA,NA,"R",625,0.1,NA,NA,NA,"EA",18725.8597819443,1,NA,NA,299.613756511108,NA,NA,40,640,3.55380416725996,56.8608666761594,0.800944675400748,72.1,NA,NA,NA,NA,NA,NA,NA,NA
"australia_ausplotsforests","NSFNNC008","NSFNNC008-10","1",0,"2013-11-20","Au","Wo",1165.15211769026,17.5199910311835,"Evergreen Broadleaf trees",NA,NA,NA,"Eastern Australian temperate forests",-32.345474,152.259035,0,1,"SW",21.323,"R",100,100,"POLYGON((430264.755510 6421023.849482, 430301.118031 6421117.004015, 430394.272564 6421080.641494, 430357.910043 6420987.486961, 430264.755510 6421023.849482))",32756,10000,0.1,"POLYGON((430320.423407 6421028.956855, 430329.514037 6421052.245488, 430352.802670 6421043.154858, 430343.712040 6421019.866224, 430320.423407 6421028.956855))",NA,NA,"R",625,0.1,NA,NA,NA,"EA",19264.0442892375,1,NA,NA,308.2247086278,NA,NA,39,624,3.71013531548974,59.3621650478358,0.757486657237268,53,NA,NA,NA,NA,NA,NA,NA,NA
"australia_ausplotsforests","NSFNNC008","NSFNNC008-11","1",0,"2013-11-20","Au","Wo",1165.15211769026,17.5199910311835,"Evergreen Broadleaf trees",NA,NA,NA,"Eastern Australian temperate forests",-32.345474,152.259035,0,1,"SW",21.323,"R",100,100,"POLYGON((430264.755510 6421023.849482, 430301.118031 6421117.004015, 430394.272564 6421080.641494, 430357.910043 6420987.486961, 430264.755510 6421023.849482))",32756,10000,0.1,"POLYGON((430329.514037 6421052.245488, 430338.604667 6421075.534121, 430361.893300 6421066.443491, 430352.802670 6421043.154858, 430329.514037 6421052.245488))",NA,NA,"R",625,0.1,NA,NA,NA,"EA",12977.7668737703,1,NA,NA,207.644269980324,NA,NA,34,544,2.71906022265442,43.5049635624707,0.774288748116245,58.5,NA,NA,NA,NA,NA,NA,NA,NA
"australia_ausplotsforests","NSFNNC008","NSFNNC008-12","1",0,"2013-11-20","Au","Wo",1165.15211769026,17.5199910311835,"Evergreen Broadleaf trees",NA,NA,NA,"Eastern Australian temperate forests",-32.345474,152.259035,0,1,"SW",21.323,"R",100,100,"POLYGON((430264.755510 6421023.849482, 430301.118031 6421117.004015, 430394.272564 6421080.641494, 430357.910043 6420987.486961, 430264.755510 6421023.849482))",32756,10000,0.1,"POLYGON((430338.604667 6421075.534121, 430347.695297 6421098.822755, 430370.983931 6421089.732124, 430361.893300 6421066.443491, 430338.604667 6421075.534121))",NA,NA,"R",625,0.1,NA,NA,NA,"EA",14657.8648356547,1,NA,NA,234.525837370476,NA,NA,32,512,2.92352371192984,46.7763793908774,0.758001051372002,59.4,NA,NA,NA,NA,NA,NA,NA,NA
"australia_ausplotsforests","NSFNNC008","NSFNNC008-13","1",0,"2013-11-20","Au","Wo",1165.15211769026,17.5199910311835,"Evergreen Broadleaf trees",NA,NA,NA,"Eastern Australian temperate forests",-32.345474,152.259035,0,1,"SW",21.323,"R",100,100,"POLYGON((430264.755510 6421023.849482, 430301.118031 6421117.004015, 430394.272564 6421080.641494, 430357.910043 6420987.486961, 430264.755510 6421023.849482))",32756,10000,0.1,"POLYGON((430334.621410 6420996.577591, 430343.712040 6421019.866224, 430367.000674 6421010.775594, 430357.910043 6420987.486961, 430334.621410 6420996.577591))",NA,NA,"R",625,0.1,NA,NA,NA,"EA",15454.4976072609,1,NA,NA,247.271961716174,NA,NA,31,496,2.88289742113178,46.1263587381085,0.782235091926098,60.9,NA,NA,NA,NA,NA,NA,NA,NA
"australia_ausplotsforests","NSFNNC008","NSFNNC008-14","1",0,"2013-11-20","Au","Wo",1165.15211769026,17.5199910311835,"Evergreen Broadleaf trees",NA,NA,NA,"Eastern Australian temperate forests",-32.345474,152.259035,0,1,"SW",21.323,"R",100,100,"POLYGON((430264.755510 6421023.849482, 430301.118031 6421117.004015, 430394.272564 6421080.641494, 430357.910043 6420987.486961, 430264.755510 6421023.849482))",32756,10000,0.1,"POLYGON((430343.712040 6421019.866224, 430352.802670 6421043.154858, 430376.091304 6421034.064228, 430367.000674 6421010.775594, 430343.712040 6421019.866224))",NA,NA,"R",625,0.1,NA,NA,NA,"EA",25004.4982074392,1,NA,NA,400.071971319027,NA,NA,43,688,4.79208882981177,76.6734212769884,0.774840203851989,59.4,NA,NA,NA,NA,NA,NA,NA,NA
"australia_ausplotsforests","NSFNNC008","NSFNNC008-15","1",0,"2013-11-20","Au","Wo",1165.15211769026,17.5199910311835,"Evergreen Broadleaf trees",NA,NA,NA,"Eastern Australian temperate forests",-32.345474,152.259035,0,1,"SW",21.323,"R",100,100,"POLYGON((430264.755510 6421023.849482, 430301.118031 6421117.004015, 430394.272564 6421080.641494, 430357.910043 6420987.486961, 430264.755510 6421023.849482))",32756,10000,0.1,"POLYGON((430352.802670 6421043.154858, 430361.893300 6421066.443491, 430385.181934 6421057.352861, 430376.091304 6421034.064228, 430352.802670 6421043.154858))",NA,NA,"R",625,0.1,NA,NA,NA,"EA",14228.6332841167,1,NA,NA,227.658132545867,NA,NA,39,624,2.83779043381154,45.4046469409846,0.795860714504726,63.3,NA,NA,NA,NA,NA,NA,NA,NA
"australia_ausplotsforests","NSFNNC008","NSFNNC008-16","1",0,"2013-11-20","Au","Wo",1165.15211769026,17.5199910311835,"Evergreen Broadleaf trees",NA,NA,NA,"Eastern Australian temperate forests",-32.345474,152.259035,0,1,"SW",21.323,"R",100,100,"POLYGON((430264.755510 6421023.849482, 430301.118031 6421117.004015, 430394.272564 6421080.641494, 430357.910043 6420987.486961, 430264.755510 6421023.849482))",32756,10000,0.1,"POLYGON((430361.893300 6421066.443491, 430370.983931 6421089.732124, 430394.272564 6421080.641494, 430385.181934 6421057.352861, 430361.893300 6421066.443491))",NA,NA,"R",625,0.1,NA,NA,NA,"EA",19645.5936125962,1,NA,NA,314.329497801539,NA,NA,41,656,3.87082228193371,61.9331565109394,0.787547852523902,64.6,NA,NA,NA,NA,NA,NA,NA,NA
"australia_ausplotsforests","NSFNNC008","NSFNNC008-2","1",0,"2013-11-20","Au","Wo",1165.15211769026,17.5199910311835,"Evergreen Broadleaf trees",NA,NA,NA,"Eastern Australian temperate forests",-32.345474,152.259035,0,1,"SW",21.323,"R",100,100,"POLYGON((430264.755510 6421023.849482, 430301.118031 6421117.004015, 430394.272564 6421080.641494, 430357.910043 6420987.486961, 430264.755510 6421023.849482))",32756,10000,0.1,"POLYGON((430273.846140 6421047.138115, 430282.936770 6421070.426748, 430306.225404 6421061.336118, 430297.134773 6421038.047485, 430273.846140 6421047.138115))",NA,NA,"R",625,0.1,NA,NA,NA,"EA",11715.5452024085,1,NA,NA,187.448723238535,NA,NA,34,544,2.42560326748443,38.8096522797509,0.779931192114081,68.5,NA,NA,NA,NA,NA,NA,NA,NA
"australia_ausplotsforests","NSFNNC008","NSFNNC008-3","1",0,"2013-11-20","Au","Wo",1165.15211769026,17.5199910311835,"Evergreen Broadleaf trees",NA,NA,NA,"Eastern Australian temperate forests",-32.345474,152.259035,0,1,"SW",21.323,"R",100,100,"POLYGON((430264.755510 6421023.849482, 430301.118031 6421117.004015, 430394.272564 6421080.641494, 430357.910043 6420987.486961, 430264.755510 6421023.849482))",32756,10000,0.1,"POLYGON((430282.936770 6421070.426748, 430292.027400 6421093.715382, 430315.316034 6421084.624751, 430306.225404 6421061.336118, 430282.936770 6421070.426748))",NA,NA,"R",625,0.1,NA,NA,NA,"EA",12849.2858808081,1,NA,NA,205.588574092929,NA,NA,40,640,2.76216208846351,44.1945934154161,0.756784949773092,56.4753354329327,NA,NA,NA,NA,NA,NA,NA,NA
"australia_ausplotsforests","NSFNNC008","NSFNNC008-4","1",0,"2013-11-20","Au","Wo",1165.15211769026,17.5199910311835,"Evergreen Broadleaf trees",NA,NA,NA,"Eastern Australian temperate forests",-32.345474,152.259035,0,1,"SW",21.323,"R",100,100,"POLYGON((430264.755510 6421023.849482, 430301.118031 6421117.004015, 430394.272564 6421080.641494, 430357.910043 6420987.486961, 430264.755510 6421023.849482))",32756,10000,0.1,"POLYGON((430292.027400 6421093.715382, 430301.118031 6421117.004015, 430324.406664 6421107.913385, 430315.316034 6421084.624751, 430292.027400 6421093.715382))",NA,NA,"R",625,0.1,NA,NA,NA,"EA",16677.7663113437,1,NA,NA,266.844260981499,NA,NA,50,800,3.53949971051001,56.6319953681601,0.761163436352906,57.092117505647,NA,NA,NA,NA,NA,NA,NA,NA
"australia_ausplotsforests","NSFNNC008","NSFNNC008-5","1",0,"2013-11-20","Au","Wo",1165.15211769026,17.5199910311835,"Evergreen Broadleaf trees",NA,NA,NA,"Eastern Australian temperate forests",-32.345474,152.259035,0,1,"SW",21.323,"R",100,100,"POLYGON((430264.755510 6421023.849482, 430301.118031 6421117.004015, 430394.272564 6421080.641494, 430357.910043 6420987.486961, 430264.755510 6421023.849482))",32756,10000,0.1,"POLYGON((430288.044143 6421014.758851, 430297.134773 6421038.047485, 430320.423407 6421028.956855, 430311.332777 6421005.668221, 430288.044143 6421014.758851))",NA,NA,"R",625,0.1,NA,NA,NA,"EA",19871.4556819923,1,NA,NA,317.943290911877,NA,NA,44,704,4.12176956150981,65.9483129841569,0.802161664868027,56.4,NA,NA,NA,NA,NA,NA,NA,NA
"australia_ausplotsforests","NSFNNC008","NSFNNC008-6","1",0,"2013-11-20","Au","Wo",1165.15211769026,17.5199910311835,"Evergreen Broadleaf trees",NA,NA,NA,"Eastern Australian temperate forests",-32.345474,152.259035,0,1,"SW",21.323,"R",100,100,"POLYGON((430264.755510 6421023.849482, 430301.118031 6421117.004015, 430394.272564 6421080.641494, 430357.910043 6420987.486961, 430264.755510 6421023.849482))",32756,10000,0.1,"POLYGON((430297.134773 6421038.047485, 430306.225404 6421061.336118, 430329.514037 6421052.245488, 430320.423407 6421028.956855, 430297.134773 6421038.047485))",NA,NA,"R",625,0.1,NA,NA,NA,"EA",19886.0911999334,1,NA,NA,318.177459198934,NA,NA,42,672,3.76618525542059,60.2589640867295,0.784926160823151,57.5286766102019,NA,NA,NA,NA,NA,NA,NA,NA
"australia_ausplotsforests","NSFNNC008","NSFNNC008-7","1",0,"2013-11-20","Au","Wo",1165.15211769026,17.5199910311835,"Evergreen Broadleaf trees",NA,NA,NA,"Eastern Australian temperate forests",-32.345474,152.259035,0,1,"SW",21.323,"R",100,100,"POLYGON((430264.755510 6421023.849482, 430301.118031 6421117.004015, 430394.272564 6421080.641494, 430357.910043 6420987.486961, 430264.755510 6421023.849482))",32756,10000,0.1,"POLYGON((430306.225404 6421061.336118, 430315.316034 6421084.624751, 430338.604667 6421075.534121, 430329.514037 6421052.245488, 430306.225404 6421061.336118))",NA,NA,"R",625,0.1,NA,NA,NA,"EA",20953.919000745,1,NA,NA,335.26270401192,NA,NA,36,576,3.94127956577393,63.0604730523829,0.791923666122796,56.802654549222,NA,NA,NA,NA,NA,NA,NA,NA
"australia_ausplotsforests","NSFNNC008","NSFNNC008-8","1",0,"2013-11-20","Au","Wo",1165.15211769026,17.5199910311835,"Evergreen Broadleaf trees",NA,NA,NA,"Eastern Australian temperate forests",-32.345474,152.259035,0,1,"SW",21.323,"R",100,100,"POLYGON((430264.755510 6421023.849482, 430301.118031 6421117.004015, 430394.272564 6421080.641494, 430357.910043 6420987.486961, 430264.755510 6421023.849482))",32756,10000,0.1,"POLYGON((430315.316034 6421084.624751, 430324.406664 6421107.913385, 430347.695297 6421098.822755, 430338.604667 6421075.534121, 430315.316034 6421084.624751))",NA,NA,"R",625,0.1,NA,NA,NA,"EA",17207.091133116,1,NA,NA,275.313458129856,NA,NA,39,624,3.50497125105256,56.079540016841,0.749706750052476,55.2889039906547,NA,NA,NA,NA,NA,NA,NA,NA
"australia_ausplotsforests","NSFNNC008","NSFNNC008-9","1",0,"2013-11-20","Au","Wo",1165.15211769026,17.5199910311835,"Evergreen Broadleaf trees",NA,NA,NA,"Eastern Australian temperate forests",-32.345474,152.259035,0,1,"SW",21.323,"R",100,100,"POLYGON((430264.755510 6421023.849482, 430301.118031 6421117.004015, 430394.272564 6421080.641494, 430357.910043 6420987.486961, 430264.755510 6421023.849482))",32756,10000,0.1,"POLYGON((430311.332777 6421005.668221, 430320.423407 6421028.956855, 430343.712040 6421019.866224, 430334.621410 6420996.577591, 430311.332777 6421005.668221))",NA,NA,"R",625,0.1,NA,NA,NA,"EA",19458.0985602057,1,NA,NA,311.329576963291,NA,NA,45,720,3.73503793505658,59.7606069609052,0.760773395942488,63.2,NA,NA,NA,NA,NA,NA,NA,NA
"australia_ausplotsforests","TCFTSR001","TCFTSR001-1","1",0,"2012-01-23","Au","Wo",1609.1319051123,9.11367215162659,"Evergreen Needleleaf trees","Evergreen Broadleaf trees",NA,NA,"Tasmanian temperate rain forests",-43.089424,146.643249,0,1,"SW",349.553,"R",100,100,"POLYGON((470964.005745 5229192.989483, 470945.873154 5229291.331789, 471044.215460 5229309.464381, 471062.348051 5229211.122075, 470964.005745 5229192.989483))",32755,10000,0.1,"POLYGON((470964.005745 5229192.989483, 470959.472597 5229217.575060, 470984.058174 5229222.108208, 470988.591322 5229197.522631, 470964.005745 5229192.989483))",NA,NA,"R",625,0.1,NA,NA,NA,"EA",21541.6781562178,1,NA,NA,344.666850499485,NA,NA,45,720,3.99179716104182,63.8687545766691,0.785554988090765,58.1,NA,NA,NA,NA,NA,NA,NA,NA
"australia_ausplotsforests","TCFTSR001","TCFTSR001-10","1",0,"2012-01-23","Au","Wo",1609.1319051123,9.11367215162659,"Evergreen Needleleaf trees","Evergreen Broadleaf trees",NA,NA,"Tasmanian temperate rain forests",-43.089424,146.643249,0,1,"SW",349.553,"R",100,100,"POLYGON((470964.005745 5229192.989483, 470945.873154 5229291.331789, 471044.215460 5229309.464381, 471062.348051 5229211.122075, 470964.005745 5229192.989483))",32755,10000,0.1,"POLYGON((471008.643750 5229226.641356, 471004.110603 5229251.226932, 471028.696179 5229255.760080, 471033.229327 5229231.174503, 471008.643750 5229226.641356))",NA,NA,"R",625,0.1,NA,NA,NA,"EA",27056.9886919965,1,NA,NA,432.911819071943,NA,NA,46,736,5.06563751233596,81.0502001973754,0.776141067162661,58.1033292652875,NA,NA,NA,NA,NA,NA,NA,NA
"australia_ausplotsforests","TCFTSR001","TCFTSR001-11","1",0,"2012-01-23","Au","Wo",1609.1319051123,9.11367215162659,"Evergreen Needleleaf trees","Evergreen Broadleaf trees",NA,NA,"Tasmanian temperate rain forests",-43.089424,146.643249,0,1,"SW",349.553,"R",100,100,"POLYGON((470964.005745 5229192.989483, 470945.873154 5229291.331789, 471044.215460 5229309.464381, 471062.348051 5229211.122075, 470964.005745 5229192.989483))",32755,10000,0.1,"POLYGON((471004.110603 5229251.226932, 470999.577455 5229275.812509, 471024.163031 5229280.345656, 471028.696179 5229255.760080, 471004.110603 5229251.226932))",NA,NA,"R",625,0.1,NA,NA,NA,"EA",24865.1800567762,1,NA,NA,397.84288090842,NA,NA,41,656,4.63389550253658,74.1423280405854,0.779989538036872,57.8521649320109,NA,NA,NA,NA,NA,NA,NA,NA
"australia_ausplotsforests","TCFTSR001","TCFTSR001-12","1",0,"2012-01-23","Au","Wo",1609.1319051123,9.11367215162659,"Evergreen Needleleaf trees","Evergreen Broadleaf trees",NA,NA,"Tasmanian temperate rain forests",-43.089424,146.643249,0,1,"SW",349.553,"R",100,100,"POLYGON((470964.005745 5229192.989483, 470945.873154 5229291.331789, 471044.215460 5229309.464381, 471062.348051 5229211.122075, 470964.005745 5229192.989483))",32755,10000,0.1,"POLYGON((470999.577455 5229275.812509, 470995.044307 5229300.398085, 471019.629883 5229304.931233, 471024.163031 5229280.345656, 470999.577455 5229275.812509))",NA,NA,"R",625,0.1,NA,NA,NA,"EA",145138.344466713,1,NA,NA,2322.2135114674,NA,NA,42,672,15.7624329867751,252.198927788401,0.819437499820481,59.1151884192395,NA,NA,NA,NA,NA,NA,NA,NA
"australia_ausplotsforests","TCFTSR001","TCFTSR001-13","1",0,"2012-01-23","Au","Wo",1609.1319051123,9.11367215162659,"Evergreen Needleleaf trees","Evergreen Broadleaf trees",NA,NA,"Tasmanian temperate rain forests",-43.089424,146.643249,0,1,"SW",349.553,"R",100,100,"POLYGON((470964.005745 5229192.989483, 470945.873154 5229291.331789, 471044.215460 5229309.464381, 471062.348051 5229211.122075, 470964.005745 5229192.989483))",32755,10000,0.1,"POLYGON((471037.762475 5229206.588927, 471033.229327 5229231.174503, 471057.814903 5229235.707651, 471062.348051 5229211.122075, 471037.762475 5229206.588927))",NA,NA,"R",625,0.1,NA,NA,NA,"EA",30787.6399470638,1,NA,NA,492.60223915302,NA,NA,29,464,4.58062744290048,73.2900390864077,0.801949596083069,59.0275608020232,NA,NA,NA,NA,NA,NA,NA,NA
"australia_ausplotsforests","TCFTSR001","TCFTSR001-14","1",0,"2012-01-23","Au","Wo",1609.1319051123,9.11367215162659,"Evergreen Needleleaf trees","Evergreen Broadleaf trees",NA,NA,"Tasmanian temperate rain forests",-43.089424,146.643249,0,1,"SW",349.553,"R",100,100,"POLYGON((470964.005745 5229192.989483, 470945.873154 5229291.331789, 471044.215460 5229309.464381, 471062.348051 5229211.122075, 470964.005745 5229192.989483))",32755,10000,0.1,"POLYGON((471033.229327 5229231.174503, 471028.696179 5229255.760080, 471053.281756 5229260.293228, 471057.814903 5229235.707651, 471033.229327 5229231.174503))",NA,NA,"R",625,0.1,NA,NA,NA,"EA",7170.96769405979,1,NA,NA,114.735483104957,NA,NA,29,464,1.69200996694468,27.0721594711149,0.722652607158375,51.462827574536,NA,NA,NA,NA,NA,NA,NA,NA
"australia_ausplotsforests","TCFTSR001","TCFTSR001-15","1",0,"2012-01-23","Au","Wo",1609.1319051123,9.11367215162659,"Evergreen Needleleaf trees","Evergreen Broadleaf trees",NA,NA,"Tasmanian temperate rain forests",-43.089424,146.643249,0,1,"SW",349.553,"R",100,100,"POLYGON((470964.005745 5229192.989483, 470945.873154 5229291.331789, 471044.215460 5229309.464381, 471062.348051 5229211.122075, 470964.005745 5229192.989483))",32755,10000,0.1,"POLYGON((471028.696179 5229255.760080, 471024.163031 5229280.345656, 471048.748608 5229284.878804, 471053.281756 5229260.293228, 471028.696179 5229255.760080))",NA,NA,"R",625,0.1,NA,NA,NA,"EA",64508.5786685575,1,NA,NA,1032.13725869692,NA,NA,38,608,7.41339761165158,118.614361786425,0.824463507878193,59.3,NA,NA,NA,NA,NA,NA,NA,NA
"australia_ausplotsforests","TCFTSR001","TCFTSR001-16","1",0,"2012-01-23","Au","Wo",1609.1319051123,9.11367215162659,"Evergreen Needleleaf trees","Evergreen Broadleaf trees",NA,NA,"Tasmanian temperate rain forests",-43.089424,146.643249,0,1,"SW",349.553,"R",100,100,"POLYGON((470964.005745 5229192.989483, 470945.873154 5229291.331789, 471044.215460 5229309.464381, 471062.348051 5229211.122075, 470964.005745 5229192.989483))",32755,10000,0.1,"POLYGON((471024.163031 5229280.345656, 471019.629883 5229304.931233, 471044.215460 5229309.464381, 471048.748608 5229284.878804, 471024.163031 5229280.345656))",NA,NA,"R",625,0.1,NA,NA,NA,"EA",29352.870609052,1,NA,NA,469.645929744831,NA,NA,46,736,5.21465424747001,83.4344679595202,0.801280663142186,58.1836557150083,NA,NA,NA,NA,NA,NA,NA,NA
"australia_ausplotsforests","TCFTSR001","TCFTSR001-2","1",0,"2012-01-23","Au","Wo",1609.1319051123,9.11367215162659,"Evergreen Needleleaf trees","Evergreen Broadleaf trees",NA,NA,"Tasmanian temperate rain forests",-43.089424,146.643249,0,1,"SW",349.553,"R",100,100,"POLYGON((470964.005745 5229192.989483, 470945.873154 5229291.331789, 471044.215460 5229309.464381, 471062.348051 5229211.122075, 470964.005745 5229192.989483))",32755,10000,0.1,"POLYGON((470959.472597 5229217.575060, 470954.939450 5229242.160636, 470979.525026 5229246.693784, 470984.058174 5229222.108208, 470959.472597 5229217.575060))",NA,NA,"R",625,0.1,NA,NA,NA,"EA",27447.7992782331,1,NA,NA,439.16478845173,NA,NA,41,656,4.86747291633099,77.8795666612958,0.802957694678395,58.9,NA,NA,NA,NA,NA,NA,NA,NA
"australia_ausplotsforests","TCFTSR001","TCFTSR001-3","1",0,"2012-01-23","Au","Wo",1609.1319051123,9.11367215162659,"Evergreen Needleleaf trees","Evergreen Broadleaf trees",NA,NA,"Tasmanian temperate rain forests",-43.089424,146.643249,0,1,"SW",349.553,"R",100,100,"POLYGON((470964.005745 5229192.989483, 470945.873154 5229291.331789, 471044.215460 5229309.464381, 471062.348051 5229211.122075, 470964.005745 5229192.989483))",32755,10000,0.1,"POLYGON((470954.939450 5229242.160636, 470950.406302 5229266.746213, 470974.991878 5229271.279361, 470979.525026 5229246.693784, 470954.939450 5229242.160636))",NA,NA,"R",625,0.1,NA,NA,NA,"EA",24895.5952226665,1,NA,NA,398.329523562663,NA,NA,47,752,4.49606990583278,71.9371184933245,0.781378538380095,58.8180478925082,NA,NA,NA,NA,NA,NA,NA,NA
"australia_ausplotsforests","TCFTSR001","TCFTSR001-4","1",0,"2012-01-23","Au","Wo",1609.1319051123,9.11367215162659,"Evergreen Needleleaf trees","Evergreen Broadleaf trees",NA,NA,"Tasmanian temperate rain forests",-43.089424,146.643249,0,1,"SW",349.553,"R",100,100,"POLYGON((470964.005745 5229192.989483, 470945.873154 5229291.331789, 471044.215460 5229309.464381, 471062.348051 5229211.122075, 470964.005745 5229192.989483))",32755,10000,0.1,"POLYGON((470950.406302 5229266.746213, 470945.873154 5229291.331789, 470970.458731 5229295.864937, 470974.991878 5229271.279361, 470950.406302 5229266.746213))",NA,NA,"R",625,0.1,NA,NA,NA,"EA",26920.6755469582,1,NA,NA,430.730808751332,NA,NA,41,656,4.5322854005452,72.5165664087233,0.795290797726724,58.621909283109,NA,NA,NA,NA,NA,NA,NA,NA
"australia_ausplotsforests","TCFTSR001","TCFTSR001-5","1",0,"2012-01-23","Au","Wo",1609.1319051123,9.11367215162659,"Evergreen Needleleaf trees","Evergreen Broadleaf trees",NA,NA,"Tasmanian temperate rain forests",-43.089424,146.643249,0,1,"SW",349.553,"R",100,100,"POLYGON((470964.005745 5229192.989483, 470945.873154 5229291.331789, 471044.215460 5229309.464381, 471062.348051 5229211.122075, 470964.005745 5229192.989483))",32755,10000,0.1,"POLYGON((470988.591322 5229197.522631, 470984.058174 5229222.108208, 471008.643750 5229226.641356, 471013.176898 5229202.055779, 470988.591322 5229197.522631))",NA,NA,"R",625,0.1,NA,NA,NA,"EA",33366.2441166699,1,NA,NA,533.859905866718,NA,NA,37,592,5.50544948826424,88.0871918122279,0.79539733394406,59.3,NA,NA,NA,NA,NA,NA,NA,NA
"australia_ausplotsforests","TCFTSR001","TCFTSR001-6","1",0,"2012-01-23","Au","Wo",1609.1319051123,9.11367215162659,"Evergreen Needleleaf trees","Evergreen Broadleaf trees",NA,NA,"Tasmanian temperate rain forests",-43.089424,146.643249,0,1,"SW",349.553,"R",100,100,"POLYGON((470964.005745 5229192.989483, 470945.873154 5229291.331789, 471044.215460 5229309.464381, 471062.348051 5229211.122075, 470964.005745 5229192.989483))",32755,10000,0.1,"POLYGON((470984.058174 5229222.108208, 470979.525026 5229246.693784, 471004.110603 5229251.226932, 471008.643750 5229226.641356, 470984.058174 5229222.108208))",NA,NA,"R",625,0.1,NA,NA,NA,"EA",40498.7392304665,1,NA,NA,647.979827687464,NA,NA,32,512,5.65053609098865,90.4085774558185,0.801679308688428,59.0821248564783,NA,NA,NA,NA,NA,NA,NA,NA
"australia_ausplotsforests","TCFTSR001","TCFTSR001-7","1",0,"2012-01-23","Au","Wo",1609.1319051123,9.11367215162659,"Evergreen Needleleaf trees","Evergreen Broadleaf trees",NA,NA,"Tasmanian temperate rain forests",-43.089424,146.643249,0,1,"SW",349.553,"R",100,100,"POLYGON((470964.005745 5229192.989483, 470945.873154 5229291.331789, 471044.215460 5229309.464381, 471062.348051 5229211.122075, 470964.005745 5229192.989483))",32755,10000,0.1,"POLYGON((470979.525026 5229246.693784, 470974.991878 5229271.279361, 470999.577455 5229275.812509, 471004.110603 5229251.226932, 470979.525026 5229246.693784))",NA,NA,"R",625,0.1,NA,NA,NA,"EA",16857.164909154,1,NA,NA,269.714638546464,NA,NA,39,624,3.35390619750837,53.6624991601339,0.78565442166016,55.9536726457924,NA,NA,NA,NA,NA,NA,NA,NA
"australia_ausplotsforests","TCFTSR001","TCFTSR001-8","1",0,"2012-01-23","Au","Wo",1609.1319051123,9.11367215162659,"Evergreen Needleleaf trees","Evergreen Broadleaf trees",NA,NA,"Tasmanian temperate rain forests",-43.089424,146.643249,0,1,"SW",349.553,"R",100,100,"POLYGON((470964.005745 5229192.989483, 470945.873154 5229291.331789, 471044.215460 5229309.464381, 471062.348051 5229211.122075, 470964.005745 5229192.989483))",32755,10000,0.1,"POLYGON((470974.991878 5229271.279361, 470970.458731 5229295.864937, 470995.044307 5229300.398085, 470999.577455 5229275.812509, 470974.991878 5229271.279361))",NA,NA,"R",625,0.1,NA,NA,NA,"EA",8540.67696825431,1,NA,NA,136.650831492069,NA,NA,27,432,1.81623875064374,29.0598200102999,0.782317532647588,54.0840473146651,NA,NA,NA,NA,NA,NA,NA,NA
"australia_ausplotsforests","TCFTSR001","TCFTSR001-9","1",0,"2012-01-23","Au","Wo",1609.1319051123,9.11367215162659,"Evergreen Needleleaf trees","Evergreen Broadleaf trees",NA,NA,"Tasmanian temperate rain forests",-43.089424,146.643249,0,1,"SW",349.553,"R",100,100,"POLYGON((470964.005745 5229192.989483, 470945.873154 5229291.331789, 471044.215460 5229309.464381, 471062.348051 5229211.122075, 470964.005745 5229192.989483))",32755,10000,0.1,"POLYGON((471013.176898 5229202.055779, 471008.643750 5229226.641356, 471033.229327 5229231.174503, 471037.762475 5229206.588927, 471013.176898 5229202.055779))",NA,NA,"R",625,0.1,NA,NA,NA,"EA",35569.5701159829,1,NA,NA,569.113121855727,NA,NA,46,736,6.12721858369763,98.0354973391621,0.795405179884626,58.3865445045562,NA,NA,NA,NA,NA,NA,NA,NA
"australia_ausplotsforests","TCFTSR002","TCFTSR002-1","1",0,"2012-04-12","Au","Wo",1571.25539438712,9.45834626380007,"Evergreen Broadleaf trees",NA,NA,NA,"Tasmanian temperate rain forests",-43.095939,146.65341,0,1,"SW",360.568,"R",100,100,"POLYGON((471794.001081 5228472.964805, 471794.992411 5228572.959891, 471894.987498 5228571.968561, 471893.996167 5228471.973474, 471794.001081 5228472.964805))",32755,10000,0.1,"POLYGON((471794.001081 5228472.964805, 471794.248913 5228497.963577, 471819.247685 5228497.715744, 471818.999852 5228472.716973, 471794.001081 5228472.964805))",NA,NA,"R",625,0.1,NA,NA,NA,"EA",28386.1971595061,1,NA,NA,454.179154552097,NA,NA,49,784,5.1852834977516,82.9645359640256,0.784211392017635,58.4586548383676,NA,NA,NA,NA,NA,NA,NA,NA
"australia_ausplotsforests","TCFTSR002","TCFTSR002-10","1",0,"2012-04-12","Au","Wo",1571.25539438712,9.45834626380007,"Evergreen Broadleaf trees",NA,NA,NA,"Tasmanian temperate rain forests",-43.095939,146.65341,0,1,"SW",360.568,"R",100,100,"POLYGON((471794.001081 5228472.964805, 471794.992411 5228572.959891, 471894.987498 5228571.968561, 471893.996167 5228471.973474, 471794.001081 5228472.964805))",32755,10000,0.1,"POLYGON((471844.246456 5228497.467911, 471844.494289 5228522.466683, 471869.493061 5228522.218850, 471869.245228 5228497.220079, 471844.246456 5228497.467911))",NA,NA,"R",625,0.1,NA,NA,NA,"EA",8904.11439607816,1,NA,NA,142.465830337251,NA,NA,29,464,2.04323374243071,32.6917398788914,0.789889952324355,48.3992529031682,NA,NA,NA,NA,NA,NA,NA,NA
"australia_ausplotsforests","TCFTSR002","TCFTSR002-11","1",0,"2012-04-12","Au","Wo",1571.25539438712,9.45834626380007,"Evergreen Broadleaf trees",NA,NA,NA,"Tasmanian temperate rain forests",-43.095939,146.65341,0,1,"SW",360.568,"R",100,100,"POLYGON((471794.001081 5228472.964805, 471794.992411 5228572.959891, 471894.987498 5228571.968561, 471893.996167 5228471.973474, 471794.001081 5228472.964805))",32755,10000,0.1,"POLYGON((471844.494289 5228522.466683, 471844.742122 5228547.465454, 471869.740893 5228547.217622, 471869.493061 5228522.218850, 471844.494289 5228522.466683))",NA,NA,"R",625,0.1,NA,NA,NA,"EA",15632.8596936555,1,NA,NA,250.125755098487,NA,NA,13,208,2.6835979247807,42.9375667964911,0.813896377892987,57.271773913756,NA,NA,NA,NA,NA,NA,NA,NA
"australia_ausplotsforests","TCFTSR002","TCFTSR002-12","1",0,"2012-04-12","Au","Wo",1571.25539438712,9.45834626380007,"Evergreen Broadleaf trees",NA,NA,NA,"Tasmanian temperate rain forests",-43.095939,146.65341,0,1,"SW",360.568,"R",100,100,"POLYGON((471794.001081 5228472.964805, 471794.992411 5228572.959891, 471894.987498 5228571.968561, 471893.996167 5228471.973474, 471794.001081 5228472.964805))",32755,10000,0.1,"POLYGON((471844.742122 5228547.465454, 471844.989955 5228572.464226, 471869.988726 5228572.216393, 471869.740893 5228547.217622, 471844.742122 5228547.465454))",NA,NA,"R",625,0.1,NA,NA,NA,"EA",83100.0991573521,1,NA,NA,1329.60158651763,NA,NA,19,304,9.1095372021394,145.75259523423,0.822036770094443,59.1156742720056,NA,NA,NA,NA,NA,NA,NA,NA
"australia_ausplotsforests","TCFTSR002","TCFTSR002-13","1",0,"2012-04-12","Au","Wo",1571.25539438712,9.45834626380007,"Evergreen Broadleaf trees",NA,NA,NA,"Tasmanian temperate rain forests",-43.095939,146.65341,0,1,"SW",360.568,"R",100,100,"POLYGON((471794.001081 5228472.964805, 471794.992411 5228572.959891, 471894.987498 5228571.968561, 471893.996167 5228471.973474, 471794.001081 5228472.964805))",32755,10000,0.1,"POLYGON((471868.997395 5228472.221307, 471869.245228 5228497.220079, 471894.244000 5228496.972246, 471893.996167 5228471.973474, 471868.997395 5228472.221307))",NA,NA,"R",625,0.1,NA,NA,NA,"EA",54850.5162020533,1,NA,NA,877.608259232853,NA,NA,49,784,8.49751489791378,135.96023836662,0.818313017629281,58.97320643552,NA,NA,NA,NA,NA,NA,NA,NA
"australia_ausplotsforests","TCFTSR002","TCFTSR002-14","1",0,"2012-04-12","Au","Wo",1571.25539438712,9.45834626380007,"Evergreen Broadleaf trees",NA,NA,NA,"Tasmanian temperate rain forests",-43.095939,146.65341,0,1,"SW",360.568,"R",100,100,"POLYGON((471794.001081 5228472.964805, 471794.992411 5228572.959891, 471894.987498 5228571.968561, 471893.996167 5228471.973474, 471794.001081 5228472.964805))",32755,10000,0.1,"POLYGON((471869.245228 5228497.220079, 471869.493061 5228522.218850, 471894.491832 5228521.971018, 471894.244000 5228496.972246, 471869.245228 5228497.220079))",NA,NA,"R",625,0.1,NA,NA,NA,"EA",92195.9417644217,1,NA,NA,1475.13506823075,NA,NA,51,816,11.2889307117693,180.62289138831,0.805286350881985,59.1083353393565,NA,NA,NA,NA,NA,NA,NA,NA
"australia_ausplotsforests","TCFTSR002","TCFTSR002-15","1",0,"2012-04-12","Au","Wo",1571.25539438712,9.45834626380007,"Evergreen Broadleaf trees",NA,NA,NA,"Tasmanian temperate rain forests",-43.095939,146.65341,0,1,"SW",360.568,"R",100,100,"POLYGON((471794.001081 5228472.964805, 471794.992411 5228572.959891, 471894.987498 5228571.968561, 471893.996167 5228471.973474, 471794.001081 5228472.964805))",32755,10000,0.1,"POLYGON((471869.493061 5228522.218850, 471869.740893 5228547.217622, 471894.739665 5228546.969789, 471894.491832 5228521.971018, 471869.493061 5228522.218850))",NA,NA,"R",625,0.1,NA,NA,NA,"EA",25116.4432383819,1,NA,NA,401.863091814111,NA,NA,33,528,4.65158423997262,74.425347839562,0.800085307966464,57.4206815100035,NA,NA,NA,NA,NA,NA,NA,NA
"australia_ausplotsforests","TCFTSR002","TCFTSR002-16","1",0,"2012-04-12","Au","Wo",1571.25539438712,9.45834626380007,"Evergreen Broadleaf trees",NA,NA,NA,"Tasmanian temperate rain forests",-43.095939,146.65341,0,1,"SW",360.568,"R",100,100,"POLYGON((471794.001081 5228472.964805, 471794.992411 5228572.959891, 471894.987498 5228571.968561, 471893.996167 5228471.973474, 471794.001081 5228472.964805))",32755,10000,0.1,"POLYGON((471869.740893 5228547.217622, 471869.988726 5228572.216393, 471894.987498 5228571.968561, 471894.739665 5228546.969789, 471869.740893 5228547.217622))",NA,NA,"R",625,0.1,NA,NA,NA,"EA",28811.7653846058,1,NA,NA,460.988246153693,NA,NA,42,672,5.41978218359167,86.7165149374667,0.803518868344566,56.6496231366462,NA,NA,NA,NA,NA,NA,NA,NA
"australia_ausplotsforests","TCFTSR002","TCFTSR002-2","1",0,"2012-04-12","Au","Wo",1571.25539438712,9.45834626380007,"Evergreen Broadleaf trees",NA,NA,NA,"Tasmanian temperate rain forests",-43.095939,146.65341,0,1,"SW",360.568,"R",100,100,"POLYGON((471794.001081 5228472.964805, 471794.992411 5228572.959891, 471894.987498 5228571.968561, 471893.996167 5228471.973474, 471794.001081 5228472.964805))",32755,10000,0.1,"POLYGON((471794.248913 5228497.963577, 471794.496746 5228522.962348, 471819.495518 5228522.714516, 471819.247685 5228497.715744, 471794.248913 5228497.963577))",NA,NA,"R",625,0.1,NA,NA,NA,"EA",59058.9990731443,1,NA,NA,944.943985170309,NA,NA,30,480,6.68523376861539,106.963740297846,0.798043167114338,59.1148910240991,NA,NA,NA,NA,NA,NA,NA,NA
"australia_ausplotsforests","TCFTSR002","TCFTSR002-3","1",0,"2012-04-12","Au","Wo",1571.25539438712,9.45834626380007,"Evergreen Broadleaf trees",NA,NA,NA,"Tasmanian temperate rain forests",-43.095939,146.65341,0,1,"SW",360.568,"R",100,100,"POLYGON((471794.001081 5228472.964805, 471794.992411 5228572.959891, 471894.987498 5228571.968561, 471893.996167 5228471.973474, 471794.001081 5228472.964805))",32755,10000,0.1,"POLYGON((471794.496746 5228522.962348, 471794.744579 5228547.961120, 471819.743350 5228547.713287, 471819.495518 5228522.714516, 471794.496746 5228522.962348))",NA,NA,"R",625,0.1,NA,NA,NA,"EA",134358.201380735,1,NA,NA,2149.73122209176,NA,NA,38,608,13.921121185163,222.737938962608,0.817549717576718,59.1157610848997,NA,NA,NA,NA,NA,NA,NA,NA
"australia_ausplotsforests","TCFTSR002","TCFTSR002-4","1",0,"2012-04-12","Au","Wo",1571.25539438712,9.45834626380007,"Evergreen Broadleaf trees",NA,NA,NA,"Tasmanian temperate rain forests",-43.095939,146.65341,0,1,"SW",360.568,"R",100,100,"POLYGON((471794.001081 5228472.964805, 471794.992411 5228572.959891, 471894.987498 5228571.968561, 471893.996167 5228471.973474, 471794.001081 5228472.964805))",32755,10000,0.1,"POLYGON((471794.744579 5228547.961120, 471794.992411 5228572.959891, 471819.991183 5228572.712059, 471819.743350 5228547.713287, 471794.744579 5228547.961120))",NA,NA,"R",625,0.1,NA,NA,NA,"EA",26566.1190091392,1,NA,NA,425.057904146227,NA,NA,21,336,3.94880996336459,63.1809594138334,0.815900180227141,58.9762222997686,NA,NA,NA,NA,NA,NA,NA,NA
"australia_ausplotsforests","TCFTSR002","TCFTSR002-5","1",0,"2012-04-12","Au","Wo",1571.25539438712,9.45834626380007,"Evergreen Broadleaf trees",NA,NA,NA,"Tasmanian temperate rain forests",-43.095939,146.65341,0,1,"SW",360.568,"R",100,100,"POLYGON((471794.001081 5228472.964805, 471794.992411 5228572.959891, 471894.987498 5228571.968561, 471893.996167 5228471.973474, 471794.001081 5228472.964805))",32755,10000,0.1,"POLYGON((471818.999852 5228472.716973, 471819.247685 5228497.715744, 471844.246456 5228497.467911, 471843.998624 5228472.469140, 471818.999852 5228472.716973))",NA,NA,"R",625,0.1,NA,NA,NA,"EA",32580.1470050328,1,NA,NA,521.282352080525,NA,NA,44,704,5.81270588916512,93.003294226642,0.798998673834024,57.5874735105799,NA,NA,NA,NA,NA,NA,NA,NA
"australia_ausplotsforests","TCFTSR002","TCFTSR002-6","1",0,"2012-04-12","Au","Wo",1571.25539438712,9.45834626380007,"Evergreen Broadleaf trees",NA,NA,NA,"Tasmanian temperate rain forests",-43.095939,146.65341,0,1,"SW",360.568,"R",100,100,"POLYGON((471794.001081 5228472.964805, 471794.992411 5228572.959891, 471894.987498 5228571.968561, 471893.996167 5228471.973474, 471794.001081 5228472.964805))",32755,10000,0.1,"POLYGON((471819.247685 5228497.715744, 471819.495518 5228522.714516, 471844.494289 5228522.466683, 471844.246456 5228497.467911, 471819.247685 5228497.715744))",NA,NA,"R",625,0.1,NA,NA,NA,"EA",24643.1885225256,1,NA,NA,394.29101636041,NA,NA,8,128,3.06197134397905,48.9915415036648,0.823568310029673,59.0689493346952,NA,NA,NA,NA,NA,NA,NA,NA
"australia_ausplotsforests","TCFTSR002","TCFTSR002-7","1",0,"2012-04-12","Au","Wo",1571.25539438712,9.45834626380007,"Evergreen Broadleaf trees",NA,NA,NA,"Tasmanian temperate rain forests",-43.095939,146.65341,0,1,"SW",360.568,"R",100,100,"POLYGON((471794.001081 5228472.964805, 471794.992411 5228572.959891, 471894.987498 5228571.968561, 471893.996167 5228471.973474, 471794.001081 5228472.964805))",32755,10000,0.1,"POLYGON((471819.495518 5228522.714516, 471819.743350 5228547.713287, 471844.742122 5228547.465454, 471844.494289 5228522.466683, 471819.495518 5228522.714516))",NA,NA,"R",625,0.1,NA,NA,NA,"EA",20638.8818702182,1,NA,NA,330.222109923492,NA,NA,19,304,3.61704678357122,57.8727485371395,0.808462901911838,57.1107878557528,NA,NA,NA,NA,NA,NA,NA,NA
"australia_ausplotsforests","TCFTSR002","TCFTSR002-8","1",0,"2012-04-12","Au","Wo",1571.25539438712,9.45834626380007,"Evergreen Broadleaf trees",NA,NA,NA,"Tasmanian temperate rain forests",-43.095939,146.65341,0,1,"SW",360.568,"R",100,100,"POLYGON((471794.001081 5228472.964805, 471794.992411 5228572.959891, 471894.987498 5228571.968561, 471893.996167 5228471.973474, 471794.001081 5228472.964805))",32755,10000,0.1,"POLYGON((471819.743350 5228547.713287, 471819.991183 5228572.712059, 471844.989955 5228572.464226, 471844.742122 5228547.465454, 471819.743350 5228547.713287))",NA,NA,"R",625,0.1,NA,NA,NA,"EA",16769.6106657407,1,NA,NA,268.313770651851,NA,NA,22,352,3.24967522184573,51.9948035495317,0.780238991709939,55.6125220734387,NA,NA,NA,NA,NA,NA,NA,NA
"australia_ausplotsforests","TCFTSR002","TCFTSR002-9","1",0,"2012-04-12","Au","Wo",1571.25539438712,9.45834626380007,"Evergreen Broadleaf trees",NA,NA,NA,"Tasmanian temperate rain forests",-43.095939,146.65341,0,1,"SW",360.568,"R",100,100,"POLYGON((471794.001081 5228472.964805, 471794.992411 5228572.959891, 471894.987498 5228571.968561, 471893.996167 5228471.973474, 471794.001081 5228472.964805))",32755,10000,0.1,"POLYGON((471843.998624 5228472.469140, 471844.246456 5228497.467911, 471869.245228 5228497.220079, 471868.997395 5228472.221307, 471843.998624 5228472.469140))",NA,NA,"R",625,0.1,NA,NA,NA,"EA",15447.4482905705,1,NA,NA,247.159172649127,NA,NA,19,304,2.7552121001156,44.0833936018496,0.795675452353325,57.092117505647,NA,NA,NA,NA,NA,NA,NA,NA
"australia_ausplotsforests","TCFTSR005","TCFTSR005-1","1",0,"2013-05-14","Au","Wo",1399.24842024647,9.96652146084152,"Evergreen Broadleaf trees",NA,NA,NA,"Tasmanian temperate rain forests",-43.101829,146.746355,0,1,"SW",134.654,"R",100,100,"POLYGON((479359.982986 5227845.948423, 479431.119382 5227775.666042, 479360.837001 5227704.529646, 479289.700605 5227774.812027, 479359.982986 5227845.948423))",32755,10000,0.1,"POLYGON((479359.982986 5227845.948423, 479377.767085 5227828.377828, 479360.196490 5227810.593729, 479342.412390 5227828.164324, 479359.982986 5227845.948423))",NA,NA,"R",625,0.1,NA,NA,NA,"EA",35710.9820730537,1,NA,NA,571.37571316886,NA,NA,55,880,5.16285802399211,82.6057283838738,0.812894938002427,59.0689493346952,NA,NA,NA,NA,NA,NA,NA,NA
"australia_ausplotsforests","TCFTSR005","TCFTSR005-10","1",0,"2013-05-14","Au","Wo",1399.24842024647,9.96652146084152,"Evergreen Broadleaf trees",NA,NA,NA,"Tasmanian temperate rain forests",-43.101829,146.746355,0,1,"SW",134.654,"R",100,100,"POLYGON((479359.982986 5227845.948423, 479431.119382 5227775.666042, 479360.837001 5227704.529646, 479289.700605 5227774.812027, 479359.982986 5227845.948423))",32755,10000,0.1,"POLYGON((479342.625894 5227792.809630, 479360.409994 5227775.239035, 479342.839398 5227757.454935, 479325.055299 5227775.025531, 479342.625894 5227792.809630))",NA,NA,"R",625,0.1,NA,NA,NA,"EA",83723.4630988055,1,NA,NA,1339.57540958089,NA,NA,86,1376,10.7920611300666,172.672978081065,0.819253215812404,59.1143346785538,NA,NA,NA,NA,NA,NA,NA,NA
"australia_ausplotsforests","TCFTSR005","TCFTSR005-11","1",0,"2013-05-14","Au","Wo",1399.24842024647,9.96652146084152,"Evergreen Broadleaf trees",NA,NA,NA,"Tasmanian temperate rain forests",-43.101829,146.746355,0,1,"SW",134.654,"R",100,100,"POLYGON((479359.982986 5227845.948423, 479431.119382 5227775.666042, 479360.837001 5227704.529646, 479289.700605 5227774.812027, 479359.982986 5227845.948423))",32755,10000,0.1,"POLYGON((479360.409994 5227775.239035, 479378.194093 5227757.668439, 479360.623497 5227739.884340, 479342.839398 5227757.454935, 479360.409994 5227775.239035))",NA,NA,"R",625,0.1,NA,NA,NA,"EA",45995.3487469024,1,NA,NA,735.925579950439,NA,NA,73,1168,7.20377248564631,115.260359770341,0.817565086039751,59.0825017630109,NA,NA,NA,NA,NA,NA,NA,NA
"australia_ausplotsforests","TCFTSR005","TCFTSR005-12","1",0,"2013-05-14","Au","Wo",1399.24842024647,9.96652146084152,"Evergreen Broadleaf trees",NA,NA,NA,"Tasmanian temperate rain forests",-43.101829,146.746355,0,1,"SW",134.654,"R",100,100,"POLYGON((479359.982986 5227845.948423, 479431.119382 5227775.666042, 479360.837001 5227704.529646, 479289.700605 5227774.812027, 479359.982986 5227845.948423))",32755,10000,0.1,"POLYGON((479378.194093 5227757.668439, 479395.978192 5227740.097844, 479378.407597 5227722.313745, 479360.623497 5227739.884340, 479378.194093 5227757.668439))",NA,NA,"R",625,0.1,NA,NA,NA,"EA",73459.3584167318,1,NA,NA,1175.34973466771,NA,NA,68,1088,8.25404382345506,132.064701175281,0.816719365567375,66,NA,NA,NA,NA,NA,NA,NA,NA
"australia_ausplotsforests","TCFTSR005","TCFTSR005-13","1",0,"2013-05-14","Au","Wo",1399.24842024647,9.96652146084152,"Evergreen Broadleaf trees",NA,NA,NA,"Tasmanian temperate rain forests",-43.101829,146.746355,0,1,"SW",134.654,"R",100,100,"POLYGON((479359.982986 5227845.948423, 479431.119382 5227775.666042, 479360.837001 5227704.529646, 479289.700605 5227774.812027, 479359.982986 5227845.948423))",32755,10000,0.1,"POLYGON((479307.271200 5227792.596126, 479325.055299 5227775.025531, 479307.484704 5227757.241432, 479289.700605 5227774.812027, 479307.271200 5227792.596126))",NA,NA,"R",625,0.1,NA,NA,NA,"EA",29548.1214540883,1,NA,NA,472.769943265413,NA,NA,79,1264,5.54847359965516,88.7755775944825,0.814135260811942,58.3901413721105,NA,NA,NA,NA,NA,NA,NA,NA
"australia_ausplotsforests","TCFTSR005","TCFTSR005-14","1",0,"2013-05-14","Au","Wo",1399.24842024647,9.96652146084152,"Evergreen Broadleaf trees",NA,NA,NA,"Tasmanian temperate rain forests",-43.101829,146.746355,0,1,"SW",134.654,"R",100,100,"POLYGON((479359.982986 5227845.948423, 479431.119382 5227775.666042, 479360.837001 5227704.529646, 479289.700605 5227774.812027, 479359.982986 5227845.948423))",32755,10000,0.1,"POLYGON((479325.055299 5227775.025531, 479342.839398 5227757.454935, 479325.268803 5227739.670836, 479307.484704 5227757.241432, 479325.055299 5227775.025531))",NA,NA,"R",625,0.1,NA,NA,NA,"EA",17615.9796628068,1,NA,NA,281.855674604909,NA,NA,58,928,3.56296897842865,57.0075036548584,0.808087900384164,56.8447380314153,NA,NA,NA,NA,NA,NA,NA,NA
"australia_ausplotsforests","TCFTSR005","TCFTSR005-15","1",0,"2013-05-14","Au","Wo",1399.24842024647,9.96652146084152,"Evergreen Broadleaf trees",NA,NA,NA,"Tasmanian temperate rain forests",-43.101829,146.746355,0,1,"SW",134.654,"R",100,100,"POLYGON((479359.982986 5227845.948423, 479431.119382 5227775.666042, 479360.837001 5227704.529646, 479289.700605 5227774.812027, 479359.982986 5227845.948423))",32755,10000,0.1,"POLYGON((479342.839398 5227757.454935, 479360.623497 5227739.884340, 479343.052902 5227722.100241, 479325.268803 5227739.670836, 479342.839398 5227757.454935))",NA,NA,"R",625,0.1,NA,NA,NA,"EA",24257.0420438676,1,NA,NA,388.112672701882,NA,NA,75,1200,4.93855302091478,79.0168483346365,0.814377344148042,55.8822071980152,NA,NA,NA,NA,NA,NA,NA,NA
"australia_ausplotsforests","TCFTSR005","TCFTSR005-16","1",0,"2013-05-14","Au","Wo",1399.24842024647,9.96652146084152,"Evergreen Broadleaf trees",NA,NA,NA,"Tasmanian temperate rain forests",-43.101829,146.746355,0,1,"SW",134.654,"R",100,100,"POLYGON((479359.982986 5227845.948423, 479431.119382 5227775.666042, 479360.837001 5227704.529646, 479289.700605 5227774.812027, 479359.982986 5227845.948423))",32755,10000,0.1,"POLYGON((479360.623497 5227739.884340, 479378.407597 5227722.313745, 479360.837001 5227704.529646, 479343.052902 5227722.100241, 479360.623497 5227739.884340))",NA,NA,"R",625,0.1,NA,NA,NA,"EA",71764.8501226105,1,NA,NA,1148.23760196177,NA,NA,78,1248,8.99041036490977,143.846565838556,0.819942919090672,59.6,NA,NA,NA,NA,NA,NA,NA,NA
"australia_ausplotsforests","TCFTSR005","TCFTSR005-2","1",0,"2013-05-14","Au","Wo",1399.24842024647,9.96652146084152,"Evergreen Broadleaf trees",NA,NA,NA,"Tasmanian temperate rain forests",-43.101829,146.746355,0,1,"SW",134.654,"R",100,100,"POLYGON((479359.982986 5227845.948423, 479431.119382 5227775.666042, 479360.837001 5227704.529646, 479289.700605 5227774.812027, 479359.982986 5227845.948423))",32755,10000,0.1,"POLYGON((479377.767085 5227828.377828, 479395.551184 5227810.807233, 479377.980589 5227793.023134, 479360.196490 5227810.593729, 479377.767085 5227828.377828))",NA,NA,"R",625,0.1,NA,NA,NA,"EA",22136.3527673204,1,NA,NA,354.181644277127,NA,NA,79,1264,4.6020523193998,73.6328371103968,0.806388674380665,55.5498688825501,NA,NA,NA,NA,NA,NA,NA,NA
"australia_ausplotsforests","TCFTSR005","TCFTSR005-3","1",0,"2013-05-14","Au","Wo",1399.24842024647,9.96652146084152,"Evergreen Broadleaf trees",NA,NA,NA,"Tasmanian temperate rain forests",-43.101829,146.746355,0,1,"SW",134.654,"R",100,100,"POLYGON((479359.982986 5227845.948423, 479431.119382 5227775.666042, 479360.837001 5227704.529646, 479289.700605 5227774.812027, 479359.982986 5227845.948423))",32755,10000,0.1,"POLYGON((479395.551184 5227810.807233, 479413.335283 5227793.236638, 479395.764688 5227775.452539, 479377.980589 5227793.023134, 479395.551184 5227810.807233))",NA,NA,"R",625,0.1,NA,NA,NA,"EA",36009.9838911756,1,NA,NA,576.15974225881,NA,NA,65,1040,6.4986781428636,103.978850285818,0.817284424288789,58.1,NA,NA,NA,NA,NA,NA,NA,NA
"australia_ausplotsforests","TCFTSR005","TCFTSR005-4","1",0,"2013-05-14","Au","Wo",1399.24842024647,9.96652146084152,"Evergreen Broadleaf trees",NA,NA,NA,"Tasmanian temperate rain forests",-43.101829,146.746355,0,1,"SW",134.654,"R",100,100,"POLYGON((479359.982986 5227845.948423, 479431.119382 5227775.666042, 479360.837001 5227704.529646, 479289.700605 5227774.812027, 479359.982986 5227845.948423))",32755,10000,0.1,"POLYGON((479413.335283 5227793.236638, 479431.119382 5227775.666042, 479413.548787 5227757.881943, 479395.764688 5227775.452539, 479413.335283 5227793.236638))",NA,NA,"R",625,0.1,NA,NA,NA,"EA",82751.8808585385,1,NA,NA,1324.03009373662,NA,NA,58,928,10.1164207892076,161.862732627321,0.82307254765024,59.7,NA,NA,NA,NA,NA,NA,NA,NA
"australia_ausplotsforests","TCFTSR005","TCFTSR005-5","1",0,"2013-05-14","Au","Wo",1399.24842024647,9.96652146084152,"Evergreen Broadleaf trees",NA,NA,NA,"Tasmanian temperate rain forests",-43.101829,146.746355,0,1,"SW",134.654,"R",100,100,"POLYGON((479359.982986 5227845.948423, 479431.119382 5227775.666042, 479360.837001 5227704.529646, 479289.700605 5227774.812027, 479359.982986 5227845.948423))",32755,10000,0.1,"POLYGON((479342.412390 5227828.164324, 479360.196490 5227810.593729, 479342.625894 5227792.809630, 479324.841795 5227810.380225, 479342.412390 5227828.164324))",NA,NA,"R",625,0.1,NA,NA,NA,"EA",25372.9739146286,1,NA,NA,405.967582634057,NA,NA,80,1280,5.04619969319004,80.7391950910406,0.809774536547768,56.9568446592468,NA,NA,NA,NA,NA,NA,NA,NA
"australia_ausplotsforests","TCFTSR005","TCFTSR005-6","1",0,"2013-05-14","Au","Wo",1399.24842024647,9.96652146084152,"Evergreen Broadleaf trees",NA,NA,NA,"Tasmanian temperate rain forests",-43.101829,146.746355,0,1,"SW",134.654,"R",100,100,"POLYGON((479359.982986 5227845.948423, 479431.119382 5227775.666042, 479360.837001 5227704.529646, 479289.700605 5227774.812027, 479359.982986 5227845.948423))",32755,10000,0.1,"POLYGON((479360.196490 5227810.593729, 479377.980589 5227793.023134, 479360.409994 5227775.239035, 479342.625894 5227792.809630, 479360.196490 5227810.593729))",NA,NA,"R",625,0.1,NA,NA,NA,"EA",46982.2831161239,1,NA,NA,751.716529857982,NA,NA,96,1536,7.67921954704426,122.867512752708,0.813526210356862,59.0475598685764,NA,NA,NA,NA,NA,NA,NA,NA
"australia_ausplotsforests","TCFTSR005","TCFTSR005-7","1",0,"2013-05-14","Au","Wo",1399.24842024647,9.96652146084152,"Evergreen Broadleaf trees",NA,NA,NA,"Tasmanian temperate rain forests",-43.101829,146.746355,0,1,"SW",134.654,"R",100,100,"POLYGON((479359.982986 5227845.948423, 479431.119382 5227775.666042, 479360.837001 5227704.529646, 479289.700605 5227774.812027, 479359.982986 5227845.948423))",32755,10000,0.1,"POLYGON((479377.980589 5227793.023134, 479395.764688 5227775.452539, 479378.194093 5227757.668439, 479360.409994 5227775.239035, 479377.980589 5227793.023134))",NA,NA,"R",625,0.1,NA,NA,NA,"EA",10907.8595367725,1,NA,NA,174.525752588359,NA,NA,65,1040,2.58162261264333,41.3059618022933,0.800573758032882,55.1520054068997,NA,NA,NA,NA,NA,NA,NA,NA
"australia_ausplotsforests","TCFTSR005","TCFTSR005-8","1",0,"2013-05-14","Au","Wo",1399.24842024647,9.96652146084152,"Evergreen Broadleaf trees",NA,NA,NA,"Tasmanian temperate rain forests",-43.101829,146.746355,0,1,"SW",134.654,"R",100,100,"POLYGON((479359.982986 5227845.948423, 479431.119382 5227775.666042, 479360.837001 5227704.529646, 479289.700605 5227774.812027, 479359.982986 5227845.948423))",32755,10000,0.1,"POLYGON((479395.764688 5227775.452539, 479413.548787 5227757.881943, 479395.978192 5227740.097844, 479378.194093 5227757.668439, 479395.764688 5227775.452539))",NA,NA,"R",625,0.1,NA,NA,NA,"EA",43183.0640928996,1,NA,NA,690.929025486393,NA,NA,81,1296,6.78667736619613,108.586837859138,0.815495631890815,56.7920216599437,NA,NA,NA,NA,NA,NA,NA,NA
"australia_ausplotsforests","TCFTSR005","TCFTSR005-9","1",0,"2013-05-14","Au","Wo",1399.24842024647,9.96652146084152,"Evergreen Broadleaf trees",NA,NA,NA,"Tasmanian temperate rain forests",-43.101829,146.746355,0,1,"SW",134.654,"R",100,100,"POLYGON((479359.982986 5227845.948423, 479431.119382 5227775.666042, 479360.837001 5227704.529646, 479289.700605 5227774.812027, 479359.982986 5227845.948423))",32755,10000,0.1,"POLYGON((479324.841795 5227810.380225, 479342.625894 5227792.809630, 479325.055299 5227775.025531, 479307.271200 5227792.596126, 479324.841795 5227810.380225))",NA,NA,"R",625,0.1,NA,NA,NA,"EA",23583.9961627852,1,NA,NA,377.343938604564,NA,NA,77,1232,4.94872942491792,79.1796707986868,0.810295530227043,56.5927422508178,NA,NA,NA,NA,NA,NA,NA,NA
