463897.24,6504746.63,oeh_ausplotsforests,28356,australia_ausplotsforests:NSFNNC004:1:NSFNNC004-1:x046389724y650474663
463935.09,6504787.77,oeh_ausplotsforests,28356,australia_ausplotsforests:NSFNNC004:1:NSFNNC004-10:x046393509y650478777
463926.2,6504811.14,oeh_ausplotsforests,28356,australia_ausplotsforests:NSFNNC004:1:NSFNNC004-11:x046392620y650481114
463917.31,6504834.5,oeh_ausplotsforests,28356,australia_ausplotsforests:NSFNNC004:1:NSFNNC004-12:x046391731y650483450
463967.34,6504773.3,oeh_ausplotsforests,28356,australia_ausplotsforests:NSFNNC004:1:NSFNNC004-13:x046396734y650477330
463958.45,6504796.66,oeh_ausplotsforests,28356,australia_ausplotsforests:NSFNNC004:1:NSFNNC004-14:x046395845y650479666
463949.56,6504820.03,oeh_ausplotsforests,28356,australia_ausplotsforests:NSFNNC004:1:NSFNNC004-15:x046394956y650482003
463940.67,6504843.39,oeh_ausplotsforests,28356,australia_ausplotsforests:NSFNNC004:1:NSFNNC004-16:x046394067y650484339
463888.35,6504769.99,oeh_ausplotsforests,28356,australia_ausplotsforests:NSFNNC004:1:NSFNNC004-2:x046388835y650476999
463879.46,6504793.36,oeh_ausplotsforests,28356,australia_ausplotsforests:NSFNNC004:1:NSFNNC004-3:x046387946y650479336
463870.57,6504816.73,oeh_ausplotsforests,28356,australia_ausplotsforests:NSFNNC004:1:NSFNNC004-4:x046387057y650481673
463920.61,6504755.52,oeh_ausplotsforests,28356,australia_ausplotsforests:NSFNNC004:1:NSFNNC004-5:x046392061y650475552
463911.72,6504778.88,oeh_ausplotsforests,28356,australia_ausplotsforests:NSFNNC004:1:NSFNNC004-6:x046391172y650477888
463902.83,6504802.25,oeh_ausplotsforests,28356,australia_ausplotsforests:NSFNNC004:1:NSFNNC004-7:x046390283y650480225
463893.94,6504825.62,oeh_ausplotsforests,28356,australia_ausplotsforests:NSFNNC004:1:NSFNNC004-8:x046389394y650482562
463943.98,6504764.41,oeh_ausplotsforests,28356,australia_ausplotsforests:NSFNNC004:1:NSFNNC004-9:x046394398y650476441
469936.71,6494266.02,oeh_ausplotsforests,28356,australia_ausplotsforests:NSFNNC005:1:NSFNNC005-1:x046993671y649426602
469911.9,6494316.12,oeh_ausplotsforests,28356,australia_ausplotsforests:NSFNNC005:1:NSFNNC005-10:x046991190y649431612
469886.9,6494316.21,oeh_ausplotsforests,28356,australia_ausplotsforests:NSFNNC005:1:NSFNNC005-11:x046988690y649431621
469861.9,6494316.31,oeh_ausplotsforests,28356,australia_ausplotsforests:NSFNNC005:1:NSFNNC005-12:x046986190y649431631
469937,6494341.02,oeh_ausplotsforests,28356,australia_ausplotsforests:NSFNNC005:1:NSFNNC005-13:x046993700y649434102
469912,6494341.12,oeh_ausplotsforests,28356,australia_ausplotsforests:NSFNNC005:1:NSFNNC005-14:x046991200y649434112
469887,6494341.21,oeh_ausplotsforests,28356,australia_ausplotsforests:NSFNNC005:1:NSFNNC005-15:x046988700y649434121
469862,6494341.31,oeh_ausplotsforests,28356,australia_ausplotsforests:NSFNNC005:1:NSFNNC005-16:x046986200y649434131
469911.71,6494266.12,oeh_ausplotsforests,28356,australia_ausplotsforests:NSFNNC005:1:NSFNNC005-2:x046991171y649426612
469886.71,6494266.22,oeh_ausplotsforests,28356,australia_ausplotsforests:NSFNNC005:1:NSFNNC005-3:x046988671y649426622
469861.71,6494266.31,oeh_ausplotsforests,28356,australia_ausplotsforests:NSFNNC005:1:NSFNNC005-4:x046986171y649426631
469936.81,6494291.02,oeh_ausplotsforests,28356,australia_ausplotsforests:NSFNNC005:1:NSFNNC005-5:x046993681y649429102
469911.81,6494291.12,oeh_ausplotsforests,28356,australia_ausplotsforests:NSFNNC005:1:NSFNNC005-6:x046991181y649429112
469886.81,6494291.22,oeh_ausplotsforests,28356,australia_ausplotsforests:NSFNNC005:1:NSFNNC005-7:x046988681y649429122
469861.81,6494291.31,oeh_ausplotsforests,28356,australia_ausplotsforests:NSFNNC005:1:NSFNNC005-8:x046986181y649429131
469936.9,6494316.02,oeh_ausplotsforests,28356,australia_ausplotsforests:NSFNNC005:1:NSFNNC005-9:x046993690y649431602
508812.14,6654593.37,oeh_ausplotsforests,28356,australia_ausplotsforests:NSFNNC007:1:NSFNNC007-1:x050881214y665459337
508756.51,6654587.81,oeh_ausplotsforests,28356,australia_ausplotsforests:NSFNNC007:1:NSFNNC007-10:x050875651y665458781
508747.61,6654564.45,oeh_ausplotsforests,28356,australia_ausplotsforests:NSFNNC007:1:NSFNNC007-11:x050874761y665456445
508738.71,6654541.08,oeh_ausplotsforests,28356,australia_ausplotsforests:NSFNNC007:1:NSFNNC007-12:x050873871y665454108
508742.05,6654620.07,oeh_ausplotsforests,28356,australia_ausplotsforests:NSFNNC007:1:NSFNNC007-13:x050874205y665462007
508733.15,6654596.71,oeh_ausplotsforests,28356,australia_ausplotsforests:NSFNNC007:1:NSFNNC007-14:x050873315y665459671
508724.25,6654573.35,oeh_ausplotsforests,28356,australia_ausplotsforests:NSFNNC007:1:NSFNNC007-15:x050872425y665457335
508715.35,6654549.99,oeh_ausplotsforests,28356,australia_ausplotsforests:NSFNNC007:1:NSFNNC007-16:x050871535y665454999
508803.24,6654570.01,oeh_ausplotsforests,28356,australia_ausplotsforests:NSFNNC007:1:NSFNNC007-2:x050880324y665457001
508794.34,6654546.64,oeh_ausplotsforests,28356,australia_ausplotsforests:NSFNNC007:1:NSFNNC007-3:x050879434y665454664
508785.44,6654523.28,oeh_ausplotsforests,28356,australia_ausplotsforests:NSFNNC007:1:NSFNNC007-4:x050878544y665452328
508788.78,6654602.27,oeh_ausplotsforests,28356,australia_ausplotsforests:NSFNNC007:1:NSFNNC007-5:x050878878y665460227
508779.88,6654578.91,oeh_ausplotsforests,28356,australia_ausplotsforests:NSFNNC007:1:NSFNNC007-6:x050877988y665457891
508770.97,6654555.55,oeh_ausplotsforests,28356,australia_ausplotsforests:NSFNNC007:1:NSFNNC007-7:x050877097y665455555
508762.07,6654532.18,oeh_ausplotsforests,28356,australia_ausplotsforests:NSFNNC007:1:NSFNNC007-8:x050876207y665453218
508765.42,6654611.17,oeh_ausplotsforests,28356,australia_ausplotsforests:NSFNNC007:1:NSFNNC007-9:x050876542y665461117
430280.95,6421030.95,oeh_ausplotsforests,28356,australia_ausplotsforests:NSFNNC008:1:NSFNNC008-1:x043028095y642103095
430336.61,6421036.06,oeh_ausplotsforests,28356,australia_ausplotsforests:NSFNNC008:1:NSFNNC008-10:x043033661y642103606
430345.7,6421059.34,oeh_ausplotsforests,28356,australia_ausplotsforests:NSFNNC008:1:NSFNNC008-11:x043034570y642105934
430354.79,6421082.63,oeh_ausplotsforests,28356,australia_ausplotsforests:NSFNNC008:1:NSFNNC008-12:x043035479y642108263
430350.81,6421003.68,oeh_ausplotsforests,28356,australia_ausplotsforests:NSFNNC008:1:NSFNNC008-13:x043035081y642100368
430359.9,6421026.97,oeh_ausplotsforests,28356,australia_ausplotsforests:NSFNNC008:1:NSFNNC008-14:x043035990y642102697
430368.99,6421050.25,oeh_ausplotsforests,28356,australia_ausplotsforests:NSFNNC008:1:NSFNNC008-15:x043036899y642105025
430378.08,6421073.54,oeh_ausplotsforests,28356,australia_ausplotsforests:NSFNNC008:1:NSFNNC008-16:x043037808y642107354
430290.04,6421054.24,oeh_ausplotsforests,28356,australia_ausplotsforests:NSFNNC008:1:NSFNNC008-2:x043029004y642105424
430299.13,6421077.53,oeh_ausplotsforests,28356,australia_ausplotsforests:NSFNNC008:1:NSFNNC008-3:x043029913y642107753
430308.22,6421100.81,oeh_ausplotsforests,28356,australia_ausplotsforests:NSFNNC008:1:NSFNNC008-4:x043030822y642110081
430304.23,6421021.86,oeh_ausplotsforests,28356,australia_ausplotsforests:NSFNNC008:1:NSFNNC008-5:x043030423y642102186
430313.32,6421045.15,oeh_ausplotsforests,28356,australia_ausplotsforests:NSFNNC008:1:NSFNNC008-6:x043031332y642104515
430322.42,6421068.44,oeh_ausplotsforests,28356,australia_ausplotsforests:NSFNNC008:1:NSFNNC008-7:x043032242y642106844
430331.51,6421091.72,oeh_ausplotsforests,28356,australia_ausplotsforests:NSFNNC008:1:NSFNNC008-8:x043033151y642109172
430327.52,6421012.77,oeh_ausplotsforests,28356,australia_ausplotsforests:NSFNNC008:1:NSFNNC008-9:x043032752y642101277
470974.03,5229207.55,warra,28355,australia_ausplotsforests:TCFTSR001:1:TCFTSR001-1:x047097403y522920755
471018.67,5229241.2,warra,28355,australia_ausplotsforests:TCFTSR001:1:TCFTSR001-10:x047101867y522924120
471014.14,5229265.79,warra,28355,australia_ausplotsforests:TCFTSR001:1:TCFTSR001-11:x047101414y522926579
471009.6,5229290.37,warra,28355,australia_ausplotsforests:TCFTSR001:1:TCFTSR001-12:x047100960y522929037
471047.79,5229221.15,warra,28355,australia_ausplotsforests:TCFTSR001:1:TCFTSR001-13:x047104779y522922115
471043.26,5229245.73,warra,28355,australia_ausplotsforests:TCFTSR001:1:TCFTSR001-14:x047104326y522924573
471038.72,5229270.32,warra,28355,australia_ausplotsforests:TCFTSR001:1:TCFTSR001-15:x047103872y522927032
471034.19,5229294.91,warra,28355,australia_ausplotsforests:TCFTSR001:1:TCFTSR001-16:x047103419y522929491
470969.5,5229232.13,warra,28355,australia_ausplotsforests:TCFTSR001:1:TCFTSR001-2:x047096950y522923213
470964.97,5229256.72,warra,28355,australia_ausplotsforests:TCFTSR001:1:TCFTSR001-3:x047096497y522925672
470960.43,5229281.31,warra,28355,australia_ausplotsforests:TCFTSR001:1:TCFTSR001-4:x047096043y522928131
470998.62,5229212.08,warra,28355,australia_ausplotsforests:TCFTSR001:1:TCFTSR001-5:x047099862y522921208
470994.08,5229236.67,warra,28355,australia_ausplotsforests:TCFTSR001:1:TCFTSR001-6:x047099408y522923667
470989.55,5229261.25,warra,28355,australia_ausplotsforests:TCFTSR001:1:TCFTSR001-7:x047098955y522926125
470985.02,5229285.84,warra,28355,australia_ausplotsforests:TCFTSR001:1:TCFTSR001-8:x047098502y522928584
471023.2,5229216.62,warra,28355,australia_ausplotsforests:TCFTSR001:1:TCFTSR001-9:x047102320y522921662
471806.62,5228485.34,warra,28355,australia_ausplotsforests:TCFTSR002:1:TCFTSR002-1:x047180662y522848534
471856.87,5228509.84,warra,28355,australia_ausplotsforests:TCFTSR002:1:TCFTSR002-10:x047185687y522850984
471857.12,5228534.84,warra,28355,australia_ausplotsforests:TCFTSR002:1:TCFTSR002-11:x047185712y522853484
471857.37,5228559.84,warra,28355,australia_ausplotsforests:TCFTSR002:1:TCFTSR002-12:x047185737y522855984
471881.62,5228484.6,warra,28355,australia_ausplotsforests:TCFTSR002:1:TCFTSR002-13:x047188162y522848460
471881.87,5228509.6,warra,28355,australia_ausplotsforests:TCFTSR002:1:TCFTSR002-14:x047188187y522850960
471882.12,5228534.59,warra,28355,australia_ausplotsforests:TCFTSR002:1:TCFTSR002-15:x047188212y522853459
471882.36,5228559.59,warra,28355,australia_ausplotsforests:TCFTSR002:1:TCFTSR002-16:x047188236y522855959
471806.87,5228510.34,warra,28355,australia_ausplotsforests:TCFTSR002:1:TCFTSR002-2:x047180687y522851034
471807.12,5228535.34,warra,28355,australia_ausplotsforests:TCFTSR002:1:TCFTSR002-3:x047180712y522853534
471807.37,5228560.34,warra,28355,australia_ausplotsforests:TCFTSR002:1:TCFTSR002-4:x047180737y522856034
471831.62,5228485.09,warra,28355,australia_ausplotsforests:TCFTSR002:1:TCFTSR002-5:x047183162y522848509
471831.87,5228510.09,warra,28355,australia_ausplotsforests:TCFTSR002:1:TCFTSR002-6:x047183187y522851009
471832.12,5228535.09,warra,28355,australia_ausplotsforests:TCFTSR002:1:TCFTSR002-7:x047183212y522853509
471832.37,5228560.09,warra,28355,australia_ausplotsforests:TCFTSR002:1:TCFTSR002-8:x047183237y522856009
471856.62,5228484.84,warra,28355,australia_ausplotsforests:TCFTSR002:1:TCFTSR002-9:x047185662y522848484
