"project","date","survey","region","l.project","l.instr","l.date","l.region","l.path","l.epsg"
"australia_ausplotsforests","2013-09-26","1","Au",NA,NA,NA,NA,NA,NA
"australia_ausplotsforests","2013-10-07","1","Au","oeh_ausplotsforests",NA,NA,"australia","/gpfs/data1/vclgp/data/gedi/incoming/australia/oeh_ausplotsforests/las","28356"
"australia_ilcp2015","2015-08-18","15-Aug","Au","jrsrp_ilcp2015",NA,NA,"australia","/gpfs/data1/vclgp/data/gedi/incoming/australia/jrsrp_ilcp2015/ALS","28355"
"australia_robsoncreek","1/1/2009","2009","Au","tern_robson",NA,NA,"australia","/gpfs/data1/vclgp/data/gedi/incoming/australia/tern_robson/ALS","28355"
"australia_smapex","2011-08-30","2011","Au","ara_smapex",NA,NA,"australia","/gpfs/data1/vclgp/data/gedi/incoming/australia/ara_smapex/las_unzipped","28355"
"borneo_usfs","1/1/2009","2009","SEAsia","jpl_borneo_138",NA,NA,"seasia","/gpfs/data1/vclgp/data/gedi/incoming/seasia/jpl_borneo/Polygon_138_utm_49S/lasclass","32749"
"borneo_usfs","1/1/2009","2009","SEAsia","jpl_borneo_004",NA,NA,"seasia","/gpfs/data1/vclgp/data/gedi/incoming/seasia/jpl_borneo/Polygon_004_utm_49N/lasclass","32649"
"borneo_usfs","1/1/2009","2009","SEAsia","jpl_borneo_001",NA,NA,"seasia","/gpfs/data1/vclgp/data/gedi/incoming/seasia/jpl_borneo/Polygon_001_utm_50S/lasclass","32750"
"borneo_rmurezal","1/1/2014","2014","SEAsia","jpl_borneo_144",NA,NA,"seasia","/gpfs/data1/vclgp/data/gedi/incoming/seasia/jpl_borneo/Polygon_144_utm_49S/lasclass","32749"
"borneo_rodamas","1/1/2014","2014","SEAsia","jpl_borneo_008",NA,NA,"seasia","/gpfs/data1/vclgp/data/gedi/incoming/seasia/jpl_borneo/Polygon_008_utm_50N/lasclass","32650"
"borneo_sepilok","1/1/2014","2014","SEAsia","cambridge_sepilok",NA,NA,"seasia","/gpfs/data1/vclgp/data/gedi/incoming/seasia/cambridge_sepilok/ALS_las","32650"
"borneo_sindolumber","1/1/2015","2015","SEAsia","jpl_borneo_001",NA,NA,"seasia","/gpfs/data1/vclgp/data/gedi/incoming/seasia/jpl_borneo/Polygon_001_utm_50S/lasclass","32750"
"brazil_fna2013","2013-10-19","FNA_A01","SA","embrapa_brazil_keller_2013_32721",NA,NA,"southamerica","/gpfs/data1/vclgp/data/gedi/incoming/southamerica/embrapa_brazil_keller/ALS/LAS_unzip/2013/brazil_32721","32721"
"borneo_timberdana","1/1/2014","2014","SEAsia","jpl_borneo_005",NA,NA,"seasia","/gpfs/data1/vclgp/data/gedi/incoming/seasia/jpl_borneo/Polygon_005_utm_50S/lasclass","32750"
"borneo_tuanam","1/1/2014","2014","SEAsia","jpl_borneo_119",NA,NA,"seasia","/gpfs/data1/vclgp/data/gedi/incoming/seasia/jpl_borneo/Polygon_119_utm_50S/lasclass","32750"
"brazil_and2013","2013-08-22","AND_A01","SA","embrapa_brazil_keller_2013_32723",NA,NA,"southamerica","/gpfs/data1/vclgp/data/gedi/incoming/southamerica/embrapa_brazil_keller/ALS/LAS_unzip/2013/brazil_32723","32723"
"brazil_bon2014","2014-07-11","BON_A01","SA","embrapa_brazil_keller_2013_32719",NA,NA,"southamerica","/gpfs/data1/vclgp/data/gedi/incoming/southamerica/embrapa_brazil_keller/ALS/LAS_unzip/2013/brazil_32719","32719"
"brazil_cau20122014","2012-01-27","CAU_A01","SA",NA,NA,NA,NA,NA,NA
"brazil_fst2013","2013-11-18","FST_A01","SA","embrapa_brazil_keller_2013_32721",NA,NA,"southamerica","/gpfs/data1/vclgp/data/gedi/incoming/southamerica/embrapa_brazil_keller/ALS/LAS_unzip/2013/brazil_32721","32721"
"brazil_jam2013","2013-12-17","JAM_A02","SA","embrapa_brazil_keller_2013_32720",NA,NA,"southamerica","/gpfs/data1/vclgp/data/gedi/incoming/southamerica/embrapa_brazil_keller/ALS/LAS_unzip/2013/brazil_32720","32720"
"brazil_sfx2011","2011-10-21","SFX_A01","SA","embrapa_brazil_keller_2012_32722",NA,NA,"southamerica","/gpfs/data1/vclgp/data/gedi/incoming/southamerica/embrapa_brazil_keller/ALS/LAS_unzip/2012/brazil_32722","32722"
"brazil_sfx2012","12-07-30","SFX_A03","SA","embrapa_brazil_keller_2012_32722",NA,NA,"southamerica","/gpfs/data1/vclgp/data/gedi/incoming/southamerica/embrapa_brazil_keller/ALS/LAS_unzip/2012/brazil_32722","32722"
"brazil_sfx2012","12-08-06","SFX_A02","SA","embrapa_brazil_keller_2012_32722",NA,NA,"southamerica","/gpfs/data1/vclgp/data/gedi/incoming/southamerica/embrapa_brazil_keller/ALS/LAS_unzip/2012/brazil_32722","32722"
"brazil_tac2014","2014-08-12","TAC_A01","SA","embrapa_brazil_keller_2013_32722",NA,NA,"southamerica","/gpfs/data1/vclgp/data/gedi/incoming/southamerica/embrapa_brazil_keller/ALS/LAS_unzip/2013/brazil_32722","32722"
"brazil_tal2014","2014-07-14","TAL_A01","SA","embrapa_brazil_keller_2013_32719",NA,NA,"southamerica","/gpfs/data1/vclgp/data/gedi/incoming/southamerica/embrapa_brazil_keller/ALS/LAS_unzip/2013/brazil_32719","32719"
"brazil_tan2012","2012-11-21","TAN_A01","SA","embrapa_brazil_keller_2012_32722",NA,NA,"southamerica","/gpfs/data1/vclgp/data/gedi/incoming/southamerica/embrapa_brazil_keller/ALS/LAS_unzip/2012/brazil_32722","32722"
"brazil_tan2012","2012-11-20","2012","SA","embrapa_brazil_keller_2012_32722",NA,NA,"southamerica","/gpfs/data1/vclgp/data/gedi/incoming/southamerica/embrapa_brazil_keller/ALS/LAS_unzip/2012/brazil_32722","32722"
"china_cuilai","2006-04-17","2006","As","cuilai_china","Riegl LMS-Q280i","2005","asia","/gpfs/data1/vclgp/data/gedi/incoming/asia/cuilai_china/ALS","32650"
"china_zhangye","2006-04-17","2006","As","zhangye_china","Riegl LMS-Q560","2008","asia","/gpfs/data1/vclgp/data/gedi/incoming/asia/zhangye_china/ALS","32647"
"colombia_choco","2014-02-28","2014","SA","jpl_wb_colombia",NA,NA,"southamerica","/gpfs/data1/vclgp/data/gedi/incoming/southamerica/jpl_wb_colombia","32618"
"costarica_chazdon","1997-01-01","1997","SA","nasa_laselva_1997",NA,NA,"centralamerica","/gpfs/data1/vclgp/data/gedi/incoming/centralamerica/nasa_laselva/flimap","32616"
"costarica_chazdon","1998-01-01","1998","SA",NA,NA,NA,NA,NA,NA
"costarica_chazdon","1999-01-01","1999","SA",NA,NA,NA,NA,NA,NA
"costarica_chazdon","2000-01-01","2000","SA",NA,NA,NA,NA,NA,NA
"costarica_chazdon","2001-01-01","2001","SA",NA,NA,NA,NA,NA,NA
"costarica_chazdon","2002-01-01","2002","SA",NA,NA,NA,NA,NA,NA
"costarica_chazdon","2003-01-01","2003","SA",NA,NA,NA,NA,NA,NA
"costarica_chazdon","2004-01-01","2004","SA",NA,NA,NA,NA,NA,NA
"costarica_chazdon","2005-01-01","2005","SA",NA,NA,NA,NA,NA,NA
"costarica_chazdon","2006-01-01","2006","SA","nasa_laselva",NA,NA,"centralamerica","/gpfs/data1/vclgp/data/gedi/incoming/centralamerica/nasa_laselva/ALS","32616"
"costarica_chazdon","2007-01-01","2007","SA",NA,NA,NA,NA,NA,NA
"costarica_chazdon","2008-01-01","2008","SA",NA,NA,NA,NA,NA,NA
"costarica_chazdon","2009-01-01","2009","SA","nasa_laselva_2009",NA,NA,"centralamerica","/gpfs/data1/vclgp/data/gedi/incoming/centralamerica/nasa_laselva/ALS_2009","32616"
"costarica_chazdon","2010-01-01","2010","SA",NA,NA,NA,NA,NA,NA
"costarica_chazdon","2011-01-01","2011","SA",NA,NA,NA,NA,NA,NA
"costarica_chazdon","2012-01-01","2012","SA",NA,NA,NA,NA,NA,NA
"costarica_chazdon","2013-01-01","2013","SA",NA,NA,NA,NA,NA,NA
"costarica_laselva","1997-01-01","1997","SA","nasa_laselva_1997",NA,NA,"centralamerica","/gpfs/data1/vclgp/data/gedi/incoming/centralamerica/nasa_laselva/flimap","32616"
"costarica_laselva","1998-01-01","1998","SA",NA,NA,NA,NA,NA,NA
"costarica_laselva","1999-01-01","1999","SA",NA,NA,NA,NA,NA,NA
"costarica_laselva","2000-01-01","2000","SA",NA,NA,NA,NA,NA,NA
"costarica_laselva","2001-01-01","2001","SA",NA,NA,NA,NA,NA,NA
"costarica_laselva","2002-01-01","2002","SA",NA,NA,NA,NA,NA,NA
"costarica_laselva","2003-01-01","2003","SA",NA,NA,NA,NA,NA,NA
"costarica_laselva","2004-01-01","2004","SA",NA,NA,NA,NA,NA,NA
"costarica_laselva","2005-01-01","2005","SA",NA,NA,NA,NA,NA,NA
"costarica_laselva","2006-01-01","2006","SA","nasa_laselva",NA,NA,"centralamerica","/gpfs/data1/vclgp/data/gedi/incoming/centralamerica/nasa_laselva/ALS","32616"
"costarica_laselva","2007-01-01","2007","SA",NA,NA,NA,NA,NA,NA
"costarica_laselva","2008-01-01","2008","SA",NA,NA,NA,NA,NA,NA
"costarica_laselva","2009-01-01","2009","SA","nasa_laselva_2009",NA,NA,"centralamerica","/gpfs/data1/vclgp/data/gedi/incoming/centralamerica/nasa_laselva/ALS_2009","32616"
"drc_bastin_malebo","2011-04-01","Malebo","Af","jpl_wwf_germany_drc",NA,NA,"africa","/gpfs/data1/vclgp/data/gedi/incoming/africa/jpl_wwf_germany_drc/tmp","32633"
"drc_kearsley","2012-01-01","2012","Af","drc_ghent_field",NA,NA,"africa","/gpfs/data1/vclgp/data/gedi/incoming/africa/drc_ghent_field/las","32634"
"england_newforest","2010-06-09","2010","Eu","hill_newforest",NA,NA,"europe","/gpfs/data1/vclgp/data/gedi/incoming/europe/hill_newforest/ALS","27700"
"england_newforest","2012-05-21","2012","Eu","hill_newforest",NA,NA,"europe","/gpfs/data1/vclgp/data/gedi/incoming/europe/hill_newforest/ALS","27700"
"estonia_rami","2007-07-01","2007","Eu","rami_jarvselja",NA,NA,"europe","/gpfs/data1/vclgp/data/gedi/incoming/europe/rami_jarvselja/ALS","3301"
"frenchguiana_chave","2010-12-31","2010","SA","chave_nourages","Riegl LMS-Q560","2012","southamerica","/gpfs/data1/vclgp/data/gedi/incoming/southamerica/chave_nourages/ALS","32622"
"frenchguiana_chave","2012-12-31","2012","SA","chave_nourages","Riegl LMS-Q560","2012","southamerica","/gpfs/data1/vclgp/data/gedi/incoming/southamerica/chave_nourages/ALS","32622"
"frenchguiana_chave","2009-12-31","2009","SA","chave_paracou","Riegl LMS-280i","2009","southamerica","/gpfs/data1/vclgp/data/gedi/incoming/southamerica/chave_paracou/ALS","32622"
"frenchguiana_chave","2010-12-31","2010","SA","chave_paracou","Riegl LMS-280i","2009","southamerica","/gpfs/data1/vclgp/data/gedi/incoming/southamerica/chave_paracou/ALS","32622"
"gabon_ird","2014-06-01","2014","Af",NA,NA,NA,NA,NA,NA
"gabon_ird","2012-05-01","2012","Af",NA,NA,NA,NA,NA,NA
"gabon_lope","2016-04-10","AfriSAR_ESA_2016","Af","jpl_lope",NA,NA,"africa","/gpfs/data1/vclgp/data/gedi/incoming/africa/jpl_lope/ALS_new","32732"
"gabon_lope2","1/1/2009","1","Af","jpl_lope",NA,NA,"africa","/gpfs/data1/vclgp/data/gedi/incoming/africa/jpl_lope/ALS_new","32732"
"gabon_mondah","2016-02-01","AfriSAR_ESA_2016","Af","jpl_mondah",NA,NA,"africa","/gpfs/data1/vclgp/data/gedi/incoming/africa/jpl_mondah/ALS","32632"
"gabon_rabi","6/1/2010","2010","Af","jpl_rabi",NA,NA,"africa","/gpfs/data1/vclgp/data/gedi/incoming/africa/jpl_rabi/ALS","32732"
"germany_kljun_tharandt","2010-06-28","2010","Eu","kljun_tharandt",NA,NA,"europe","/gpfs/data1/vclgp/data/gedi/incoming/europe/kljun_tharandt/ALS","32633"
"germany_traunstein","1/1/2016","1","Eu","huuth_traunstein",NA,NA,"europe","/gpfs/data1/vclgp/data/gedi/incoming/europe/huuth_traunstein/ALS","32633"
"indonesia_walker","1/1/2013","1","SEAsia","whrc_indonesia_walker",NA,NA,"seasia","/gpfs/data1/vclgp/data/gedi/incoming/seasia/whrc_indonesia_walker/als","32650"
"italy_sella","2008-07-31","2008","Eu","italy_sella","Opteck ALTM3100","2008","europe","/gpfs/data1/vclgp/data/gedi/incoming/europe/italy_sella/ALS","32632"
"italy_trentino","2014-06-01","2014","Eu","dalponte_trentino",NA,"2012","europe","/gpfs/data1/vclgp/data/gedi/incoming/europe/dalponte_trentino/LAS","32632"
"italy_trentino","2007-07-01","2007","Eu","dalponte_trentino",NA,"2007","europe","/gpfs/data1/vclgp/data/gedi/incoming/europe/dalponte_trentino/LAS","32632"
"italy_trentino","2012-08-01","2012","Eu","dalponte_trentino",NA,"2011","europe","/gpfs/data1/vclgp/data/gedi/incoming/europe/dalponte_trentino/LAS","32632"
"japan_nagano","1/1/2006","2005","As","nagano_japan",NA,"10/30/2008","asia","/gpfs/data1/vclgp/data/gedi/incoming/asia/nagano_japan/ALS_Leica_2008","2450"
"malaysia_boyd","2016-08-24","2016","SEAs","boyd_danum","Leica ALS50-II","2014","seasia","/gpfs/data1/vclgp/data/gedi/incoming/seasia/boyd_danum/las1.2","32650"
"malaysia_boyd","2017-07-07","2017","SEAs","boyd_danum","Leica ALS50-II","2014","seasia","/gpfs/data1/vclgp/data/gedi/incoming/seasia/boyd_danum/las1.2","32650"
"malaysia_danumcoomes","2014-09-14","2011","SEAsia","malaysia_davidcoomes",NA,NA,"seasia","/gpfs/data1/vclgp/data/gedi/incoming/seasia/malaysia_davidcoomes/ALS/MA14_11-306-lidar-20150702/flightlines/discrete_laser/las1.2","32650"
"mexico_nfi","2004-11-04","2004","SA","gliht_mexico_nfi_32612",NA,NA,"centralamerica","/gpfs/data1/vclgp/data/gedi/incoming/centralamerica/gliht_mexico_nfi/G-LiHT_las/als_epsg_32612","32612"
"mexico_nfi","2009-06-11","2009","SA","gliht_mexico_nfi_32612",NA,NA,"centralamerica","/gpfs/data1/vclgp/data/gedi/incoming/centralamerica/gliht_mexico_nfi/G-LiHT_las/als_epsg_32612","32612"
"mexico_nfi","2005-05-01","2005","SA","gliht_mexico_nfi_32612",NA,NA,"centralamerica","/gpfs/data1/vclgp/data/gedi/incoming/centralamerica/gliht_mexico_nfi/G-LiHT_las/als_epsg_32612","32612"
"mexico_nfi","2011-04-17","2011","SA","gliht_mexico_nfi_32612",NA,NA,"centralamerica","/gpfs/data1/vclgp/data/gedi/incoming/centralamerica/gliht_mexico_nfi/G-LiHT_las/als_epsg_32612","32612"
"mexico_nfi","2007-09-14","2007","SA","gliht_mexico_nfi_32612",NA,NA,"centralamerica","/gpfs/data1/vclgp/data/gedi/incoming/centralamerica/gliht_mexico_nfi/G-LiHT_las/als_epsg_32612","32612"
"mexico_nfi","2010-06-16","2010","SA","gliht_mexico_nfi_32612",NA,NA,"centralamerica","/gpfs/data1/vclgp/data/gedi/incoming/centralamerica/gliht_mexico_nfi/G-LiHT_las/als_epsg_32612","32612"
"mexico_nfi","2006-05-28","2006","SA","gliht_mexico_nfi_32612",NA,NA,"centralamerica","/gpfs/data1/vclgp/data/gedi/incoming/centralamerica/gliht_mexico_nfi/G-LiHT_las/als_epsg_32612","32612"
"mexico_nfi","2005-06-07","2005","SA","gliht_mexico_nfi_32613",NA,NA,"centralamerica","/gpfs/data1/vclgp/data/gedi/incoming/centralamerica/gliht_mexico_nfi/G-LiHT_las/als_epsg_32613","32613"
"mexico_nfi","2010-07-05","2010","SA","gliht_mexico_nfi_32613",NA,NA,"centralamerica","/gpfs/data1/vclgp/data/gedi/incoming/centralamerica/gliht_mexico_nfi/G-LiHT_las/als_epsg_32613","32613"
"mexico_nfi","2007-04-23","2007","SA","gliht_mexico_nfi_32613",NA,NA,"centralamerica","/gpfs/data1/vclgp/data/gedi/incoming/centralamerica/gliht_mexico_nfi/G-LiHT_las/als_epsg_32613","32613"
"mexico_nfi","2007-06-21","2007","SA","gliht_mexico_nfi_32616",NA,NA,"centralamerica","/gpfs/data1/vclgp/data/gedi/incoming/centralamerica/gliht_mexico_nfi/G-LiHT_las/als_epsg_32616","32616"
"mexico_nfi","2010-07-08","2010","SA","gliht_mexico_nfi_32616",NA,NA,"centralamerica","/gpfs/data1/vclgp/data/gedi/incoming/centralamerica/gliht_mexico_nfi/G-LiHT_las/als_epsg_32616","32616"
"mexico_nfi","2005-09-15","2005","SA","gliht_mexico_nfi_32616",NA,NA,"centralamerica","/gpfs/data1/vclgp/data/gedi/incoming/centralamerica/gliht_mexico_nfi/G-LiHT_las/als_epsg_32616","32616"
"mexico_nfi","2009-12-08","2009","SA","gliht_mexico_nfi_32616",NA,NA,"centralamerica","/gpfs/data1/vclgp/data/gedi/incoming/centralamerica/gliht_mexico_nfi/G-LiHT_las/als_epsg_32616","32616"
"mexico_nfi","2006-11-28","2006","SA","gliht_mexico_nfi_32616",NA,NA,"centralamerica","/gpfs/data1/vclgp/data/gedi/incoming/centralamerica/gliht_mexico_nfi/G-LiHT_las/als_epsg_32616","32616"
"mexico_nfi","2007-11-10","2007","SA","gliht_mexico_nfi_32614",NA,NA,"centralamerica","/gpfs/data1/vclgp/data/gedi/incoming/centralamerica/gliht_mexico_nfi/G-LiHT_las/als_epsg_32614","32614"
"mexico_nfi","2009-05-30","2009","SA","gliht_mexico_nfi_32614",NA,NA,"centralamerica","/gpfs/data1/vclgp/data/gedi/incoming/centralamerica/gliht_mexico_nfi/G-LiHT_las/als_epsg_32614","32614"
"mexico_nfi","2010-03-07","2010","SA","gliht_mexico_nfi_32614",NA,NA,"centralamerica","/gpfs/data1/vclgp/data/gedi/incoming/centralamerica/gliht_mexico_nfi/G-LiHT_las/als_epsg_32614","32614"
"mexico_nfi","2004-12-13","2004","SA","gliht_mexico_nfi_32614",NA,NA,"centralamerica","/gpfs/data1/vclgp/data/gedi/incoming/centralamerica/gliht_mexico_nfi/G-LiHT_las/als_epsg_32614","32614"
"mexico_nfi","2004-12-07","2004","SA","gliht_mexico_nfi_32616",NA,NA,"centralamerica","/gpfs/data1/vclgp/data/gedi/incoming/centralamerica/gliht_mexico_nfi/G-LiHT_las/als_epsg_32616","32616"
"mexico_nfi","2011-03-25","2011","SA","gliht_mexico_nfi_32616",NA,NA,"centralamerica","/gpfs/data1/vclgp/data/gedi/incoming/centralamerica/gliht_mexico_nfi/G-LiHT_las/als_epsg_32616","32616"
"mexico_nfi","2005-09-05","2005","SA","gliht_mexico_nfi_32614",NA,NA,"centralamerica","/gpfs/data1/vclgp/data/gedi/incoming/centralamerica/gliht_mexico_nfi/G-LiHT_las/als_epsg_32614","32614"
"mexico_nfi","2006-10-26","2006","SA","gliht_mexico_nfi_32614",NA,NA,"centralamerica","/gpfs/data1/vclgp/data/gedi/incoming/centralamerica/gliht_mexico_nfi/G-LiHT_las/als_epsg_32614","32614"
"mexico_nfi","2005-09-09","2005","SA","gliht_mexico_nfi_32615",NA,NA,"centralamerica","/gpfs/data1/vclgp/data/gedi/incoming/centralamerica/gliht_mexico_nfi/G-LiHT_las/als_epsg_32615","32615"
"mexico_nfi","2010-08-10","2010","SA","gliht_mexico_nfi_32615",NA,NA,"centralamerica","/gpfs/data1/vclgp/data/gedi/incoming/centralamerica/gliht_mexico_nfi/G-LiHT_las/als_epsg_32615","32615"
"mexico_nfi","2006-06-22","2006","SA","gliht_mexico_nfi_32615",NA,NA,"centralamerica","/gpfs/data1/vclgp/data/gedi/incoming/centralamerica/gliht_mexico_nfi/G-LiHT_las/als_epsg_32615","32615"
"mexico_nfi","2009-04-24","2009","SA","gliht_mexico_nfi_32615",NA,NA,"centralamerica","/gpfs/data1/vclgp/data/gedi/incoming/centralamerica/gliht_mexico_nfi/G-LiHT_las/als_epsg_32615","32615"
"mexico_nfi","2004-12-21","2004","SA","gliht_mexico_nfi_32615",NA,NA,"centralamerica","/gpfs/data1/vclgp/data/gedi/incoming/centralamerica/gliht_mexico_nfi/G-LiHT_las/als_epsg_32615","32615"
"mexico_nfi","2007-04-13","2007","SA","gliht_mexico_nfi_32615",NA,NA,"centralamerica","/gpfs/data1/vclgp/data/gedi/incoming/centralamerica/gliht_mexico_nfi/G-LiHT_las/als_epsg_32615","32615"
"mexico_nfi","2011-07-26","2011","SA","gliht_mexico_nfi_32615",NA,NA,"centralamerica","/gpfs/data1/vclgp/data/gedi/incoming/centralamerica/gliht_mexico_nfi/G-LiHT_las/als_epsg_32615","32615"
"mexico_nfi","2009-05-28","2009","SA","gliht_mexico_nfi_32613",NA,NA,"centralamerica","/gpfs/data1/vclgp/data/gedi/incoming/centralamerica/gliht_mexico_nfi/G-LiHT_las/als_epsg_32613","32613"
"mexico_nfi","2006-02-26","2006","SA","gliht_mexico_nfi_32613",NA,NA,"centralamerica","/gpfs/data1/vclgp/data/gedi/incoming/centralamerica/gliht_mexico_nfi/G-LiHT_las/als_epsg_32613","32613"
"mexico_nfi","2004-12-21","2004","SA","gliht_mexico_nfi_32613",NA,NA,"centralamerica","/gpfs/data1/vclgp/data/gedi/incoming/centralamerica/gliht_mexico_nfi/G-LiHT_las/als_epsg_32613","32613"
"netherlands_loobos","2010-06-15","2010","Eu","kljun_loobos",NA,NA,"europe","/gpfs/data1/vclgp/data/gedi/incoming/europe/kljun_loobos/ALS","32631"
"newzealand_forestservice","2015-09-24","AG167_PF150924","Au","newzealand_forestservice",NA,NA,"australia","/gpfs/data1/vclgp/data/gedi/incoming/australia/newzealand_forestservice/ALS","2193"
"newzealand_forestservice","2015-09-18","AH173_PF150918","Au","newzealand_forestservice",NA,NA,"australia","/gpfs/data1/vclgp/data/gedi/incoming/australia/newzealand_forestservice/ALS","2193"
"newzealand_forestservice","2015-09-16","AL166_PF150916","Au","newzealand_forestservice",NA,NA,"australia","/gpfs/data1/vclgp/data/gedi/incoming/australia/newzealand_forestservice/ALS","2193"
"newzealand_forestservice","2015-09-17","AL170_PF150917","Au","newzealand_forestservice",NA,NA,"australia","/gpfs/data1/vclgp/data/gedi/incoming/australia/newzealand_forestservice/ALS","2193"
"newzealand_forestservice","2016-09-20","AL170_PF160920","Au","newzealand_forestservice",NA,NA,"australia","/gpfs/data1/vclgp/data/gedi/incoming/australia/newzealand_forestservice/ALS","2193"
"newzealand_forestservice","2015-09-09","AM153_PF150909","Au","newzealand_forestservice",NA,NA,"australia","/gpfs/data1/vclgp/data/gedi/incoming/australia/newzealand_forestservice/ALS","2193"
"newzealand_forestservice","2016-09-13","AM153_PF160913","Au","newzealand_forestservice",NA,NA,"australia","/gpfs/data1/vclgp/data/gedi/incoming/australia/newzealand_forestservice/ALS","2193"
"newzealand_forestservice","2015-09-16","AM166_PF150916","Au","newzealand_forestservice",NA,NA,"australia","/gpfs/data1/vclgp/data/gedi/incoming/australia/newzealand_forestservice/ALS","2193"
"newzealand_forestservice","2015-09-15","AN168_PF150915","Au","newzealand_forestservice",NA,NA,"australia","/gpfs/data1/vclgp/data/gedi/incoming/australia/newzealand_forestservice/ALS","2193"
"newzealand_forestservice","2016-09-19","AN168_PF160919","Au","newzealand_forestservice",NA,NA,"australia","/gpfs/data1/vclgp/data/gedi/incoming/australia/newzealand_forestservice/ALS","2193"
"newzealand_forestservice","2015-09-06","AP126_PF150906","Au","newzealand_forestservice",NA,NA,"australia","/gpfs/data1/vclgp/data/gedi/incoming/australia/newzealand_forestservice/ALS","2193"
"newzealand_forestservice","2015-09-06","AU122_PF150906","Au","newzealand_forestservice",NA,NA,"australia","/gpfs/data1/vclgp/data/gedi/incoming/australia/newzealand_forestservice/ALS","2193"
"newzealand_forestservice","2015-09-04","AV121_PF150904","Au","newzealand_forestservice",NA,NA,"australia","/gpfs/data1/vclgp/data/gedi/incoming/australia/newzealand_forestservice/ALS","2193"
"newzealand_forestservice","2015-09-04","AW119_PF150904","Au","newzealand_forestservice",NA,NA,"australia","/gpfs/data1/vclgp/data/gedi/incoming/australia/newzealand_forestservice/ALS","2193"
"newzealand_forestservice","2015-09-05","BA114_PF150905","Au","newzealand_forestservice",NA,NA,"australia","/gpfs/data1/vclgp/data/gedi/incoming/australia/newzealand_forestservice/ALS","2193"
"newzealand_forestservice","2015-09-05","BA116_PF150905","Au","newzealand_forestservice",NA,NA,"australia","/gpfs/data1/vclgp/data/gedi/incoming/australia/newzealand_forestservice/ALS","2193"
"newzealand_forestservice","2015-09-04","BB118_PF150904","Au","newzealand_forestservice",NA,NA,"australia","/gpfs/data1/vclgp/data/gedi/incoming/australia/newzealand_forestservice/ALS","2193"
"newzealand_forestservice","2016-07-27","BB118_PF160727","Au","newzealand_forestservice",NA,NA,"australia","/gpfs/data1/vclgp/data/gedi/incoming/australia/newzealand_forestservice/ALS","2193"
"newzealand_forestservice","2015-09-02","BE131_PF150902","Au","newzealand_forestservice",NA,NA,"australia","/gpfs/data1/vclgp/data/gedi/incoming/australia/newzealand_forestservice/ALS","2193"
"newzealand_forestservice","2015-08-31","BJ126_PF150831","Au","newzealand_forestservice",NA,NA,"australia","/gpfs/data1/vclgp/data/gedi/incoming/australia/newzealand_forestservice/ALS","2193"
"newzealand_forestservice","2016-08-01","BK126A5_PF160801","Au","newzealand_forestservice",NA,NA,"australia","/gpfs/data1/vclgp/data/gedi/incoming/australia/newzealand_forestservice/ALS","2193"
"newzealand_forestservice","2015-08-13","BM104_PF150813","Au","newzealand_forestservice",NA,NA,"australia","/gpfs/data1/vclgp/data/gedi/incoming/australia/newzealand_forestservice/ALS","2193"
"newzealand_forestservice","2015-08-19","BM107_PF150819","Au","newzealand_forestservice",NA,NA,"australia","/gpfs/data1/vclgp/data/gedi/incoming/australia/newzealand_forestservice/ALS","2193"
"newzealand_forestservice","2015-07-30","BN101_PF150730","Au","newzealand_forestservice",NA,NA,"australia","/gpfs/data1/vclgp/data/gedi/incoming/australia/newzealand_forestservice/ALS","2193"
"newzealand_forestservice","2015-08-11","BN104_PF150811","Au","newzealand_forestservice",NA,NA,"australia","/gpfs/data1/vclgp/data/gedi/incoming/australia/newzealand_forestservice/ALS","2193"
"newzealand_forestservice","2015-08-16","BN105_PF150816","Au","newzealand_forestservice",NA,NA,"australia","/gpfs/data1/vclgp/data/gedi/incoming/australia/newzealand_forestservice/ALS","2193"
"newzealand_forestservice","2016-07-04","BN106_PF160704","Au","newzealand_forestservice",NA,NA,"australia","/gpfs/data1/vclgp/data/gedi/incoming/australia/newzealand_forestservice/ALS","2193"
"newzealand_forestservice","2015-08-02","BN96_PF150802","Au","newzealand_forestservice",NA,NA,"australia","/gpfs/data1/vclgp/data/gedi/incoming/australia/newzealand_forestservice/ALS","2193"
"newzealand_forestservice","2015-07-30","BN99_PF150730","Au","newzealand_forestservice",NA,NA,"australia","/gpfs/data1/vclgp/data/gedi/incoming/australia/newzealand_forestservice/ALS","2193"
"newzealand_forestservice","2015-07-29","BO102_PF150729","Au","newzealand_forestservice",NA,NA,"australia","/gpfs/data1/vclgp/data/gedi/incoming/australia/newzealand_forestservice/ALS","2193"
"newzealand_forestservice","2016-06-30","BO102_PF160630","Au","newzealand_forestservice",NA,NA,"australia","/gpfs/data1/vclgp/data/gedi/incoming/australia/newzealand_forestservice/ALS","2193"
"newzealand_forestservice","2016-06-30","BO102A5_PF160630","Au","newzealand_forestservice",NA,NA,"australia","/gpfs/data1/vclgp/data/gedi/incoming/australia/newzealand_forestservice/ALS","2193"
"newzealand_forestservice","2015-08-05","BO103_PF150805","Au","newzealand_forestservice",NA,NA,"australia","/gpfs/data1/vclgp/data/gedi/incoming/australia/newzealand_forestservice/ALS","2193"
"newzealand_forestservice","2015-08-05","BO104_PF150805","Au","newzealand_forestservice",NA,NA,"australia","/gpfs/data1/vclgp/data/gedi/incoming/australia/newzealand_forestservice/ALS","2193"
"newzealand_forestservice","2015-09-01","BO118_PF150901","Au","newzealand_forestservice",NA,NA,"australia","/gpfs/data1/vclgp/data/gedi/incoming/australia/newzealand_forestservice/ALS","2193"
"newzealand_forestservice","2015-07-06","BO6_PF150706","Au","newzealand_forestservice",NA,NA,"australia","/gpfs/data1/vclgp/data/gedi/incoming/australia/newzealand_forestservice/ALS","2193"
"newzealand_forestservice","2015-07-08","BO9_PF150708","Au","newzealand_forestservice",NA,NA,"australia","/gpfs/data1/vclgp/data/gedi/incoming/australia/newzealand_forestservice/ALS","2193"
"newzealand_forestservice","2015-08-01","BO99_PF150801","Au","newzealand_forestservice",NA,NA,"australia","/gpfs/data1/vclgp/data/gedi/incoming/australia/newzealand_forestservice/ALS","2193"
"newzealand_forestservice","2015-07-09","BP10_PF150709","Au","newzealand_forestservice",NA,NA,"australia","/gpfs/data1/vclgp/data/gedi/incoming/australia/newzealand_forestservice/ALS","2193"
"newzealand_forestservice","2015-08-04","BP101_PF150804","Au","newzealand_forestservice",NA,NA,"australia","/gpfs/data1/vclgp/data/gedi/incoming/australia/newzealand_forestservice/ALS","2193"
"newzealand_forestservice","2016-07-06","BP101_PF160706","Au","newzealand_forestservice",NA,NA,"australia","/gpfs/data1/vclgp/data/gedi/incoming/australia/newzealand_forestservice/ALS","2193"
"newzealand_forestservice","2015-07-31","BQ103_PF150731","Au","newzealand_forestservice",NA,NA,"australia","/gpfs/data1/vclgp/data/gedi/incoming/australia/newzealand_forestservice/ALS","2193"
"newzealand_forestservice","2015-07-09","BQ12_PF150709","Au","newzealand_forestservice",NA,NA,"australia","/gpfs/data1/vclgp/data/gedi/incoming/australia/newzealand_forestservice/ALS","2193"
"newzealand_forestservice","2015-09-02","BQ123_PF150902","Au","newzealand_forestservice",NA,NA,"australia","/gpfs/data1/vclgp/data/gedi/incoming/australia/newzealand_forestservice/ALS","2193"
"newzealand_forestservice","2015-08-18","BR106_PF150818","Au","newzealand_forestservice",NA,NA,"australia","/gpfs/data1/vclgp/data/gedi/incoming/australia/newzealand_forestservice/ALS","2193"
"newzealand_forestservice","2015-08-06","BT100_PF150806","Au","newzealand_forestservice",NA,NA,"australia","/gpfs/data1/vclgp/data/gedi/incoming/australia/newzealand_forestservice/ALS","2193"
"newzealand_forestservice","2016-06-28","BT100_PF160628","Au","newzealand_forestservice",NA,NA,"australia","/gpfs/data1/vclgp/data/gedi/incoming/australia/newzealand_forestservice/ALS","2193"
"newzealand_forestservice","2015-08-12","BU104_PF150812","Au","newzealand_forestservice",NA,NA,"australia","/gpfs/data1/vclgp/data/gedi/incoming/australia/newzealand_forestservice/ALS","2193"
"newzealand_forestservice","2016-07-01","BU99A5_PF160701","Au","newzealand_forestservice",NA,NA,"australia","/gpfs/data1/vclgp/data/gedi/incoming/australia/newzealand_forestservice/ALS","2193"
"newzealand_forestservice","2015-08-03","BV100_PF150803","Au","newzealand_forestservice",NA,NA,"australia","/gpfs/data1/vclgp/data/gedi/incoming/australia/newzealand_forestservice/ALS","2193"
"newzealand_forestservice","2015-08-03","BV102_PF150803","Au","newzealand_forestservice",NA,NA,"australia","/gpfs/data1/vclgp/data/gedi/incoming/australia/newzealand_forestservice/ALS","2193"
"newzealand_forestservice","2015-08-17","BW103_PF150817","Au","newzealand_forestservice",NA,NA,"australia","/gpfs/data1/vclgp/data/gedi/incoming/australia/newzealand_forestservice/ALS","2193"
"newzealand_forestservice","2015-06-19","BW19_PF150619","Au","newzealand_forestservice",NA,NA,"australia","/gpfs/data1/vclgp/data/gedi/incoming/australia/newzealand_forestservice/ALS","2193"
"newzealand_forestservice","2015-08-14","BY101_PF150814","Au","newzealand_forestservice",NA,NA,"australia","/gpfs/data1/vclgp/data/gedi/incoming/australia/newzealand_forestservice/ALS","2193"
"newzealand_forestservice","2015-07-12","BY23_PF150712","Au","newzealand_forestservice",NA,NA,"australia","/gpfs/data1/vclgp/data/gedi/incoming/australia/newzealand_forestservice/ALS","2193"
"newzealand_forestservice","2015-06-21","BZ19_PF150621","Au","newzealand_forestservice",NA,NA,"australia","/gpfs/data1/vclgp/data/gedi/incoming/australia/newzealand_forestservice/ALS","2193"
"newzealand_forestservice","2015-06-21","BZ22_PF150621","Au","newzealand_forestservice",NA,NA,"australia","/gpfs/data1/vclgp/data/gedi/incoming/australia/newzealand_forestservice/ALS","2193"
"newzealand_forestservice","2015-06-20","CA17_PF150620","Au","newzealand_forestservice",NA,NA,"australia","/gpfs/data1/vclgp/data/gedi/incoming/australia/newzealand_forestservice/ALS","2193"
"newzealand_forestservice","2015-06-18","CA20_PF150618","Au","newzealand_forestservice",NA,NA,"australia","/gpfs/data1/vclgp/data/gedi/incoming/australia/newzealand_forestservice/ALS","2193"
"newzealand_forestservice","2015-06-18","CA21_PF150618","Au","newzealand_forestservice",NA,NA,"australia","/gpfs/data1/vclgp/data/gedi/incoming/australia/newzealand_forestservice/ALS","2193"
"newzealand_forestservice","2015-06-17","CE22_PF150617","Au","newzealand_forestservice",NA,NA,"australia","/gpfs/data1/vclgp/data/gedi/incoming/australia/newzealand_forestservice/ALS","2193"
"newzealand_forestservice","2015-06-22","CE28_PF150622","Au","newzealand_forestservice",NA,NA,"australia","/gpfs/data1/vclgp/data/gedi/incoming/australia/newzealand_forestservice/ALS","2193"
"newzealand_forestservice","2015-06-24","CG36_PF150624","Au","newzealand_forestservice",NA,NA,"australia","/gpfs/data1/vclgp/data/gedi/incoming/australia/newzealand_forestservice/ALS","2193"
"newzealand_forestservice","2015-06-23","CG37_PF150623","Au","newzealand_forestservice",NA,NA,"australia","/gpfs/data1/vclgp/data/gedi/incoming/australia/newzealand_forestservice/ALS","2193"
"newzealand_forestservice","2015-06-23","CG38_PF150623","Au","newzealand_forestservice",NA,NA,"australia","/gpfs/data1/vclgp/data/gedi/incoming/australia/newzealand_forestservice/ALS","2193"
"newzealand_forestservice","2015-09-13","CG72_PF150913","Au","newzealand_forestservice",NA,NA,"australia","/gpfs/data1/vclgp/data/gedi/incoming/australia/newzealand_forestservice/ALS","2193"
"newzealand_forestservice","2015-07-13","CH32_PF150713","Au","newzealand_forestservice",NA,NA,"australia","/gpfs/data1/vclgp/data/gedi/incoming/australia/newzealand_forestservice/ALS","2193"
"newzealand_forestservice","2015-07-14","CH34_PF150714","Au","newzealand_forestservice",NA,NA,"australia","/gpfs/data1/vclgp/data/gedi/incoming/australia/newzealand_forestservice/ALS","2193"
"newzealand_forestservice","2015-09-14","CI81_PF150914","Au","newzealand_forestservice",NA,NA,"australia","/gpfs/data1/vclgp/data/gedi/incoming/australia/newzealand_forestservice/ALS","2193"
"newzealand_forestservice","2015-09-07","CM75_PF150907","Au","newzealand_forestservice",NA,NA,"australia","/gpfs/data1/vclgp/data/gedi/incoming/australia/newzealand_forestservice/ALS","2193"
"newzealand_forestservice","2015-09-12","CM85_PF150912","Au","newzealand_forestservice",NA,NA,"australia","/gpfs/data1/vclgp/data/gedi/incoming/australia/newzealand_forestservice/ALS","2193"
"newzealand_forestservice","2015-09-11","CM91_PF150911","Au","newzealand_forestservice",NA,NA,"australia","/gpfs/data1/vclgp/data/gedi/incoming/australia/newzealand_forestservice/ALS","2193"
"newzealand_forestservice","2015-07-15","CN46_PF150715","Au","newzealand_forestservice",NA,NA,"australia","/gpfs/data1/vclgp/data/gedi/incoming/australia/newzealand_forestservice/ALS","2193"
"newzealand_forestservice","2015-09-14","CN81_PF150914","Au","newzealand_forestservice",NA,NA,"australia","/gpfs/data1/vclgp/data/gedi/incoming/australia/newzealand_forestservice/ALS","2193"
"newzealand_forestservice","2015-07-31","CO46_PF150731","Au","newzealand_forestservice",NA,NA,"australia","/gpfs/data1/vclgp/data/gedi/incoming/australia/newzealand_forestservice/ALS","2193"
"newzealand_forestservice","2015-09-11","CQ101_PF150911","Au","newzealand_forestservice",NA,NA,"australia","/gpfs/data1/vclgp/data/gedi/incoming/australia/newzealand_forestservice/ALS","2193"
"newzealand_forestservice","2015-09-30","CR39_PF150930","Au","newzealand_forestservice",NA,NA,"australia","/gpfs/data1/vclgp/data/gedi/incoming/australia/newzealand_forestservice/ALS","2193"
"newzealand_forestservice","2015-09-03","CR70_PF150903","Au","newzealand_forestservice",NA,NA,"australia","/gpfs/data1/vclgp/data/gedi/incoming/australia/newzealand_forestservice/ALS","2193"
"newzealand_forestservice","2015-10-01","CS39_PF151001","Au","newzealand_forestservice",NA,NA,"australia","/gpfs/data1/vclgp/data/gedi/incoming/australia/newzealand_forestservice/ALS","2193"
"newzealand_forestservice","2015-09-04","CS60_PF150904","Au","newzealand_forestservice",NA,NA,"australia","/gpfs/data1/vclgp/data/gedi/incoming/australia/newzealand_forestservice/ALS","2193"
"newzealand_forestservice","2015-09-16","CS62_PF150916","Au","newzealand_forestservice",NA,NA,"australia","/gpfs/data1/vclgp/data/gedi/incoming/australia/newzealand_forestservice/ALS","2193"
"newzealand_forestservice","2015-09-17","CT57_PF150917","Au","newzealand_forestservice",NA,NA,"australia","/gpfs/data1/vclgp/data/gedi/incoming/australia/newzealand_forestservice/ALS","2193"
"newzealand_forestservice","2015-08-06","CT58_PF150806","Au","newzealand_forestservice",NA,NA,"australia","/gpfs/data1/vclgp/data/gedi/incoming/australia/newzealand_forestservice/ALS","2193"
"newzealand_forestservice","2015-08-24","CT59_PF150824","Au","newzealand_forestservice",NA,NA,"australia","/gpfs/data1/vclgp/data/gedi/incoming/australia/newzealand_forestservice/ALS","2193"
"newzealand_forestservice","2015-08-24","CT60_PF150824","Au","newzealand_forestservice",NA,NA,"australia","/gpfs/data1/vclgp/data/gedi/incoming/australia/newzealand_forestservice/ALS","2193"
"newzealand_forestservice","2015-09-10","CT98_PF150910","Au","newzealand_forestservice",NA,NA,"australia","/gpfs/data1/vclgp/data/gedi/incoming/australia/newzealand_forestservice/ALS","2193"
"newzealand_forestservice","2015-09-20","CU61_PF150920","Au","newzealand_forestservice",NA,NA,"australia","/gpfs/data1/vclgp/data/gedi/incoming/australia/newzealand_forestservice/ALS","2193"
"newzealand_forestservice","2015-09-01","CU69_PF150901","Au","newzealand_forestservice",NA,NA,"australia","/gpfs/data1/vclgp/data/gedi/incoming/australia/newzealand_forestservice/ALS","2193"
"newzealand_forestservice","2015-08-07","CV58_PF150807","Au","newzealand_forestservice",NA,NA,"australia","/gpfs/data1/vclgp/data/gedi/incoming/australia/newzealand_forestservice/ALS","2193"
"newzealand_forestservice","2015-09-16","CV61_PF150916","Au","newzealand_forestservice",NA,NA,"australia","/gpfs/data1/vclgp/data/gedi/incoming/australia/newzealand_forestservice/ALS","2193"
"newzealand_forestservice","2015-09-22","CV62_PF150922","Au","newzealand_forestservice",NA,NA,"australia","/gpfs/data1/vclgp/data/gedi/incoming/australia/newzealand_forestservice/ALS","2193"
"newzealand_forestservice","2015-08-31","CV69_PF150831","Au","newzealand_forestservice",NA,NA,"australia","/gpfs/data1/vclgp/data/gedi/incoming/australia/newzealand_forestservice/ALS","2193"
"newzealand_forestservice","2015-09-18","CW58_PF150918","Au","newzealand_forestservice",NA,NA,"australia","/gpfs/data1/vclgp/data/gedi/incoming/australia/newzealand_forestservice/ALS","2193"
"newzealand_forestservice","2015-09-22","CW60_PF150922","Au","newzealand_forestservice",NA,NA,"australia","/gpfs/data1/vclgp/data/gedi/incoming/australia/newzealand_forestservice/ALS","2193"
"newzealand_forestservice","2015-09-23","CW62_PF150923","Au","newzealand_forestservice",NA,NA,"australia","/gpfs/data1/vclgp/data/gedi/incoming/australia/newzealand_forestservice/ALS","2193"
"newzealand_forestservice","2015-08-31","CW69_PF150831","Au","newzealand_forestservice",NA,NA,"australia","/gpfs/data1/vclgp/data/gedi/incoming/australia/newzealand_forestservice/ALS","2193"
"newzealand_forestservice","2015-09-08","CW96_PF150908","Au","newzealand_forestservice",NA,NA,"australia","/gpfs/data1/vclgp/data/gedi/incoming/australia/newzealand_forestservice/ALS","2193"
"newzealand_forestservice","2015-09-10","CX56_PF150910","Au","newzealand_forestservice",NA,NA,"australia","/gpfs/data1/vclgp/data/gedi/incoming/australia/newzealand_forestservice/ALS","2193"
"newzealand_forestservice","2015-09-02","CX66_PF150902","Au","newzealand_forestservice",NA,NA,"australia","/gpfs/data1/vclgp/data/gedi/incoming/australia/newzealand_forestservice/ALS","2193"
"newzealand_forestservice","2015-08-05","CX67_PF150805","Au","newzealand_forestservice",NA,NA,"australia","/gpfs/data1/vclgp/data/gedi/incoming/australia/newzealand_forestservice/ALS","2193"
"newzealand_forestservice","2015-09-02","CX68_PF150902","Au","newzealand_forestservice",NA,NA,"australia","/gpfs/data1/vclgp/data/gedi/incoming/australia/newzealand_forestservice/ALS","2193"
"newzealand_forestservice","2015-09-23","CY63_PF150923","Au","newzealand_forestservice",NA,NA,"australia","/gpfs/data1/vclgp/data/gedi/incoming/australia/newzealand_forestservice/ALS","2193"
"newzealand_forestservice","2015-09-16","CY64_PF150916","Au","newzealand_forestservice",NA,NA,"australia","/gpfs/data1/vclgp/data/gedi/incoming/australia/newzealand_forestservice/ALS","2193"
"newzealand_forestservice","2015-09-17","CY65_PF150917","Au","newzealand_forestservice",NA,NA,"australia","/gpfs/data1/vclgp/data/gedi/incoming/australia/newzealand_forestservice/ALS","2193"
"newzealand_forestservice","2015-08-05","CY68_PF150805","Au","newzealand_forestservice",NA,NA,"australia","/gpfs/data1/vclgp/data/gedi/incoming/australia/newzealand_forestservice/ALS","2193"
"newzealand_forestservice","2015-08-27","CZ67_PF150827","Au","newzealand_forestservice",NA,NA,"australia","/gpfs/data1/vclgp/data/gedi/incoming/australia/newzealand_forestservice/ALS","2193"
"newzealand_forestservice","2015-05-29","DA61_PF150529","Au","newzealand_forestservice",NA,NA,"australia","/gpfs/data1/vclgp/data/gedi/incoming/australia/newzealand_forestservice/ALS","2193"
"newzealand_forestservice","2015-05-27","DA62_PF150527","Au","newzealand_forestservice",NA,NA,"australia","/gpfs/data1/vclgp/data/gedi/incoming/australia/newzealand_forestservice/ALS","2193"
"newzealand_forestservice","2015-06-03","DA63_PF150603","Au","newzealand_forestservice",NA,NA,"australia","/gpfs/data1/vclgp/data/gedi/incoming/australia/newzealand_forestservice/ALS","2193"
"newzealand_forestservice","2015-06-03","DA64_PF150603","Au","newzealand_forestservice",NA,NA,"australia","/gpfs/data1/vclgp/data/gedi/incoming/australia/newzealand_forestservice/ALS","2193"
"newzealand_forestservice","2015-06-04","DA65_PF150604","Au","newzealand_forestservice",NA,NA,"australia","/gpfs/data1/vclgp/data/gedi/incoming/australia/newzealand_forestservice/ALS","2193"
"newzealand_forestservice","2015-08-04","DA66_PF150804","Au","newzealand_forestservice",NA,NA,"australia","/gpfs/data1/vclgp/data/gedi/incoming/australia/newzealand_forestservice/ALS","2193"
"newzealand_forestservice","2015-09-25","DB57_PF150925","Au","newzealand_forestservice",NA,NA,"australia","/gpfs/data1/vclgp/data/gedi/incoming/australia/newzealand_forestservice/ALS","2193"
"newzealand_forestservice","2015-05-28","DB61_PF150528","Au","newzealand_forestservice",NA,NA,"australia","/gpfs/data1/vclgp/data/gedi/incoming/australia/newzealand_forestservice/ALS","2193"
"newzealand_forestservice","2015-05-28","DB63_PF150528","Au","newzealand_forestservice",NA,NA,"australia","/gpfs/data1/vclgp/data/gedi/incoming/australia/newzealand_forestservice/ALS","2193"
"newzealand_forestservice","2015-06-02","DB64_PF150602","Au","newzealand_forestservice",NA,NA,"australia","/gpfs/data1/vclgp/data/gedi/incoming/australia/newzealand_forestservice/ALS","2193"
"newzealand_forestservice","2015-06-02","DB65_PF150602","Au","newzealand_forestservice",NA,NA,"australia","/gpfs/data1/vclgp/data/gedi/incoming/australia/newzealand_forestservice/ALS","2193"
"newzealand_forestservice","2015-08-25","DB66_PF150825","Au","newzealand_forestservice",NA,NA,"australia","/gpfs/data1/vclgp/data/gedi/incoming/australia/newzealand_forestservice/ALS","2193"
"newzealand_forestservice","2015-08-26","DB67_PF150826","Au","newzealand_forestservice",NA,NA,"australia","/gpfs/data1/vclgp/data/gedi/incoming/australia/newzealand_forestservice/ALS","2193"
"newzealand_forestservice","2015-07-29","DB72_PF150729","Au","newzealand_forestservice",NA,NA,"australia","/gpfs/data1/vclgp/data/gedi/incoming/australia/newzealand_forestservice/ALS","2193"
"newzealand_forestservice","2015-09-03","DC58_PF150903","Au","newzealand_forestservice",NA,NA,"australia","/gpfs/data1/vclgp/data/gedi/incoming/australia/newzealand_forestservice/ALS","2193"
"newzealand_forestservice","2015-07-15","DC59_PF150715","Au","newzealand_forestservice",NA,NA,"australia","/gpfs/data1/vclgp/data/gedi/incoming/australia/newzealand_forestservice/ALS","2193"
"newzealand_forestservice","2015-07-14","DC60_PF150714","Au","newzealand_forestservice",NA,NA,"australia","/gpfs/data1/vclgp/data/gedi/incoming/australia/newzealand_forestservice/ALS","2193"
"newzealand_forestservice","2015-05-27","DC61_PF150527","Au","newzealand_forestservice",NA,NA,"australia","/gpfs/data1/vclgp/data/gedi/incoming/australia/newzealand_forestservice/ALS","2193"
"newzealand_forestservice","2015-05-27","DC62_PF150527","Au","newzealand_forestservice",NA,NA,"australia","/gpfs/data1/vclgp/data/gedi/incoming/australia/newzealand_forestservice/ALS","2193"
"newzealand_forestservice","2015-05-27","DC63_PF150527","Au","newzealand_forestservice",NA,NA,"australia","/gpfs/data1/vclgp/data/gedi/incoming/australia/newzealand_forestservice/ALS","2193"
"newzealand_forestservice","2015-06-01","DC64_PF150601","Au","newzealand_forestservice",NA,NA,"australia","/gpfs/data1/vclgp/data/gedi/incoming/australia/newzealand_forestservice/ALS","2193"
"newzealand_forestservice","2015-06-03","DC65_PF150603","Au","newzealand_forestservice",NA,NA,"australia","/gpfs/data1/vclgp/data/gedi/incoming/australia/newzealand_forestservice/ALS","2193"
"newzealand_forestservice","2015-09-02","DD58_PF150902","Au","newzealand_forestservice",NA,NA,"australia","/gpfs/data1/vclgp/data/gedi/incoming/australia/newzealand_forestservice/ALS","2193"
"newzealand_forestservice","2015-07-13","DD59_PF150713","Au","newzealand_forestservice",NA,NA,"australia","/gpfs/data1/vclgp/data/gedi/incoming/australia/newzealand_forestservice/ALS","2193"
"newzealand_forestservice","2015-07-14","DD60_PF150714","Au","newzealand_forestservice",NA,NA,"australia","/gpfs/data1/vclgp/data/gedi/incoming/australia/newzealand_forestservice/ALS","2193"
"newzealand_forestservice","2015-05-29","DD62_PF150529","Au","newzealand_forestservice",NA,NA,"australia","/gpfs/data1/vclgp/data/gedi/incoming/australia/newzealand_forestservice/ALS","2193"
"newzealand_forestservice","2015-07-26","DD71_PF150726","Au","newzealand_forestservice",NA,NA,"australia","/gpfs/data1/vclgp/data/gedi/incoming/australia/newzealand_forestservice/ALS","2193"
"newzealand_forestservice","2015-07-27","DD73_PF150727","Au","newzealand_forestservice",NA,NA,"australia","/gpfs/data1/vclgp/data/gedi/incoming/australia/newzealand_forestservice/ALS","2193"
"newzealand_forestservice","2016-07-01","DE58_PF160701","Au","newzealand_forestservice",NA,NA,"australia","/gpfs/data1/vclgp/data/gedi/incoming/australia/newzealand_forestservice/ALS","2193"
"newzealand_forestservice","2015-08-27","DE59_PF150827","Au","newzealand_forestservice",NA,NA,"australia","/gpfs/data1/vclgp/data/gedi/incoming/australia/newzealand_forestservice/ALS","2193"
"newzealand_forestservice","2015-09-24","DF57_PF150924","Au","newzealand_forestservice",NA,NA,"australia","/gpfs/data1/vclgp/data/gedi/incoming/australia/newzealand_forestservice/ALS","2193"
"newzealand_forestservice","2015-09-22","DF58_PF150922","Au","newzealand_forestservice",NA,NA,"australia","/gpfs/data1/vclgp/data/gedi/incoming/australia/newzealand_forestservice/ALS","2193"
"newzealand_forestservice","2015-07-28","DF70_PF150728","Au","newzealand_forestservice",NA,NA,"australia","/gpfs/data1/vclgp/data/gedi/incoming/australia/newzealand_forestservice/ALS","2193"
"newzealand_forestservice","2015-07-28","DF71_PF150728","Au","newzealand_forestservice",NA,NA,"australia","/gpfs/data1/vclgp/data/gedi/incoming/australia/newzealand_forestservice/ALS","2193"
"newzealand_forestservice","2015-09-22","DG57_PF150922","Au","newzealand_forestservice",NA,NA,"australia","/gpfs/data1/vclgp/data/gedi/incoming/australia/newzealand_forestservice/ALS","2193"
"newzealand_forestservice","2015-09-21","DH57_PF150921","Au","newzealand_forestservice",NA,NA,"australia","/gpfs/data1/vclgp/data/gedi/incoming/australia/newzealand_forestservice/ALS","2193"
"newzealand_forestservice","2015-08-26","DO55_PF150826","Au","newzealand_forestservice",NA,NA,"australia","/gpfs/data1/vclgp/data/gedi/incoming/australia/newzealand_forestservice/ALS","2193"
"newzealand_forestservice","2015-07-22","DP69_PF150722","Au","newzealand_forestservice",NA,NA,"australia","/gpfs/data1/vclgp/data/gedi/incoming/australia/newzealand_forestservice/ALS","2193"
"newzealand_forestservice","2015-07-23","DP70_PF150723","Au","newzealand_forestservice",NA,NA,"australia","/gpfs/data1/vclgp/data/gedi/incoming/australia/newzealand_forestservice/ALS","2193"
"newzealand_forestservice","2015-08-11","DQ59_PF150811","Au","newzealand_forestservice",NA,NA,"australia","/gpfs/data1/vclgp/data/gedi/incoming/australia/newzealand_forestservice/ALS","2193"
"newzealand_forestservice","2015-08-14","DQ60_PF150814","Au","newzealand_forestservice",NA,NA,"australia","/gpfs/data1/vclgp/data/gedi/incoming/australia/newzealand_forestservice/ALS","2193"
"newzealand_forestservice","2015-08-16","DS58_PF150816","Au","newzealand_forestservice",NA,NA,"australia","/gpfs/data1/vclgp/data/gedi/incoming/australia/newzealand_forestservice/ALS","2193"
"newzealand_forestservice","2015-08-12","DS61_PF150812","Au","newzealand_forestservice",NA,NA,"australia","/gpfs/data1/vclgp/data/gedi/incoming/australia/newzealand_forestservice/ALS","2193"
"newzealand_forestservice","2015-07-20","DS63_PF150720","Au","newzealand_forestservice",NA,NA,"australia","/gpfs/data1/vclgp/data/gedi/incoming/australia/newzealand_forestservice/ALS","2193"
"newzealand_forestservice","2015-08-20","DT51_PF150820","Au","newzealand_forestservice",NA,NA,"australia","/gpfs/data1/vclgp/data/gedi/incoming/australia/newzealand_forestservice/ALS","2193"
"newzealand_forestservice","2015-08-14","DT59_PF150814","Au","newzealand_forestservice",NA,NA,"australia","/gpfs/data1/vclgp/data/gedi/incoming/australia/newzealand_forestservice/ALS","2193"
"newzealand_forestservice","2015-08-15","DT60_PF150815","Au","newzealand_forestservice",NA,NA,"australia","/gpfs/data1/vclgp/data/gedi/incoming/australia/newzealand_forestservice/ALS","2193"
"newzealand_forestservice","2015-08-12","DT61_PF150812","Au","newzealand_forestservice",NA,NA,"australia","/gpfs/data1/vclgp/data/gedi/incoming/australia/newzealand_forestservice/ALS","2193"
"newzealand_forestservice","2015-08-19","DU53_PF150819","Au","newzealand_forestservice",NA,NA,"australia","/gpfs/data1/vclgp/data/gedi/incoming/australia/newzealand_forestservice/ALS","2193"
"newzealand_forestservice","2015-08-17","DU54_PF150817","Au","newzealand_forestservice",NA,NA,"australia","/gpfs/data1/vclgp/data/gedi/incoming/australia/newzealand_forestservice/ALS","2193"
"newzealand_forestservice","2015-08-18","DV54_PF150818","Au","newzealand_forestservice",NA,NA,"australia","/gpfs/data1/vclgp/data/gedi/incoming/australia/newzealand_forestservice/ALS","2193"
"newzealand_forestservice","2015-09-22","S170_PF150922","Au","newzealand_forestservice",NA,NA,"australia","/gpfs/data1/vclgp/data/gedi/incoming/australia/newzealand_forestservice/ALS","2193"
"newzealand_forestservice","2015-09-22","S172_PF150922","Au","newzealand_forestservice",NA,NA,"australia","/gpfs/data1/vclgp/data/gedi/incoming/australia/newzealand_forestservice/ALS","2193"
"newzealand_forestservice","2015-09-25","V167_PF150925","Au","newzealand_forestservice",NA,NA,"australia","/gpfs/data1/vclgp/data/gedi/incoming/australia/newzealand_forestservice/ALS","2193"
"newzealand_forestservice","2015-09-23","Y168_PF150923","Au","newzealand_forestservice",NA,NA,"australia","/gpfs/data1/vclgp/data/gedi/incoming/australia/newzealand_forestservice/ALS","2193"
"newzealand_forestservice","2016-09-07","Y168_PF160907","Au","newzealand_forestservice",NA,NA,"australia","/gpfs/data1/vclgp/data/gedi/incoming/australia/newzealand_forestservice/ALS","2193"
"panama_bci","2010-01-18","2010","SA","stri_bci",NA,NA,"centralamerica","/gpfs/data1/vclgp/data/gedi/incoming/centralamerica/stri_bci/ALS_tile","32617"
"peru_tambopata","2011-05-22","2011","SA","hill_peru",NA,NA,"southamerica","/gpfs/data1/vclgp/data/gedi/incoming/southamerica/hill_peru/ALS","32719"
"poland_bialowieza","9/1/2015","2015","Eu","icos_bialowieza",NA,NA,"europe","/gpfs/data1/vclgp/data/gedi/incoming/europe/icos_bialowieza/ALS","2180"
"spain_soria_i","2010-10-01","2010","Eu","demiguel_soriai","ALS60 II","2010","europe","/gpfs/data1/vclgp/data/gedi/incoming/europe/demiguel_soriai/ALS","25830"
"spain_soria_ii","2010-10-01","2010","Eu","demiguel_soriaii","ALS60 II","2010","europe","/gpfs/data1/vclgp/data/gedi/incoming/europe/demiguel_soriaii/ALS","25830"
"spain_valsaincircle","7/1/2007","2007","Eu","silvanet_valsain",NA,NA,"europe","/gpfs/data1/vclgp/data/gedi/incoming/europe/silvanet_valsain/ValsainGEDIdata/Lidar/LAS","25830"
"spain_valsainrect","7/1/2001","2007","Eu","silvanet_valsain",NA,NA,"europe","/gpfs/data1/vclgp/data/gedi/incoming/europe/silvanet_valsain/ValsainGEDIdata/Lidar/LAS","25830"
"switzerland_laegeren","2011-01-01","2011","Eu","veg3D_laegeren",NA,NA,"europe","/gpfs/data1/vclgp/data/gedi/incoming/europe/veg3D_laegeren/ALS/leafon","21781"
"tanzania_amani","1/1/2012","2012","Af","amani",NA,NA,"africa","/gpfs/data1/vclgp/data/gedi/incoming/africa/amani/LasZ","32736"
"tanzania_liwale","2014-01-01","2014","Af","tanzania_wwf_germany",NA,NA,"africa","/gpfs/data1/vclgp/data/gedi/incoming/africa/tanzania_wwf_germany/Liwale/2014/LAS_Z","32736"
"usa_clearcreekselway","2016-06-30","2016","US","boschetti_idaho_clearcreek",NA,NA,"usa","/gpfs/data1/vclgp/data/gedi/incoming/usa/boschetti_idaho_clearcreek/ALS","26911"
"usa_clearcreekselway","2016-07-20","2016","US","boschetti_idaho_selway",NA,NA,"usa","/gpfs/data1/vclgp/data/gedi/incoming/usa/boschetti_idaho_selway/ALS","26911"
"usa_cflra","2015-07-27","2015","US","cflra_clearcreek","Leica ALS60","2009","usa","/gpfs/data1/vclgp/data/gedi/incoming/usa/cflra_clearcreek/ALS","26911"
"usa_cflra","2015-08-14","2015","US","cflra_powell","Leica ALS50-II and Leica ALS60","2011","usa","/gpfs/data1/vclgp/data/gedi/incoming/usa/cflra_powell/ALS","26911"
"usa_cflra","2015-07-20","2015","US","cflra_waldepeteking","Leica ALS50-II","2010","usa","/gpfs/data1/vclgp/data/gedi/incoming/usa/cflra_waldepeteking/ALS","26911"
"usa_cflra","2015-07-22","2015","US","cflra_selwayriverelkcreek","Leica ALS50-II and Leica ALS60","2012","usa","/gpfs/data1/vclgp/data/gedi/incoming/usa/cflra_selwayriverelkcreek/ALS","26911"
"usa_cflra","2015-07-14","2015","US","cflra_lolocreekeldoradocreek","Leica ALS50-II and Leica ALS60","2012","usa","/gpfs/data1/vclgp/data/gedi/incoming/usa/cflra_lolocreekeldoradocreek/ALS","26911"
"usa_cflra","2015-08-04","2015","US","cflra_crookedriver","Leica ALS50-II and Leica ALS60","2012","usa","/gpfs/data1/vclgp/data/gedi/incoming/usa/cflra_crookedriver/ALS","26911"
"usa_cflra","2015-08-12","2015","US","cflra_twincreek","Optech Gemini","2009","usa","/gpfs/data1/vclgp/data/gedi/incoming/usa/cflra_twincreek/ALS","26911"
"usa_cflra","2015-08-17","2015","US","cflra_dutchoven","Leica ALS70","2014","usa","/gpfs/data1/vclgp/data/gedi/incoming/usa/cflra_dutchoven/ALS","26911"
"usa_clearcreek","2010-07-07","2010","US","boschetti_idaho_clearcreek","Leica ALS60","2009","usa","/gpfs/data1/vclgp/data/gedi/incoming/usa/boschetti_idaho_clearcreek/ALS","26911"
"usa_co","2015-11-09","2015","US","usda_co",NA,NA,"usa","/gpfs/data1/vclgp/data/gedi/incoming/usa/usda_co/LAS","26913"
"usa_colville","2016-07-07","2016","US","umn_colvillewest_2015","Leica ALS70 HP","2015","usa","/gpfs/data1/vclgp/data/gedi/incoming/usa/umn_colvillewest_2015/ALS_reproject","32611"
"usa_colville","2016-07-05","2016","US","umn_colville_2014","Leica ALS60","2014","usa","/gpfs/data1/vclgp/data/gedi/incoming/usa/umn_colville_2014/ALS_reproject","32611"
"usa_colville","2016-07-04","2016","US","umn_colville_2012","Leica ALS50","2012","usa","/gpfs/data1/vclgp/data/gedi/incoming/usa/umn_colville_2012/ALS","32611"
"usa_colville","2016-11-17","2016","US","umn_colvilleeast_2015","Leica ALS70 HP","2015","usa","/gpfs/data1/vclgp/data/gedi/incoming/usa/umn_colvilleeast_2015/ALS_reproject","32611"
"usa_damon","2007-10-27","2007","US","falkowski_damon_2007","Leica ALS50-II","2011","usa","/gpfs/data1/vclgp/data/gedi/incoming/usa/falkowski_damon_2007/ALS","26911"
"usa_dcef","2009-10-20","2009","US","dcef_nfp_2009","Leica ALS50-II","2011","usa","/gpfs/data1/vclgp/data/gedi/incoming/usa/dcef_nfp_2009/ALS","26911"
"usa_dcef","2010-07-28","2010","US","dcef_nfp_2010","Leica ALS50-II","2011","usa","/gpfs/data1/vclgp/data/gedi/incoming/usa/dcef_nfp_2010/ALS","26911"
"usa_dcef","2011-09-01","2011","US","dcef_nfp_2011","Leica ALS50-II","2011","usa","/gpfs/data1/vclgp/data/gedi/incoming/usa/dcef_nfp_2011/ALS","26911"
"usa_falkowski","2011-08-20","2011","US","umn_mn_falkowski",NA,NA,"usa","/gpfs/data1/vclgp/data/gedi/incoming/usa/umn_mn_falkowski/ClippedPlots1ha","26919"
"usa_falkowski","2012-05-24","2012","US","umn_mn_falkowski",NA,NA,"usa","/gpfs/data1/vclgp/data/gedi/incoming/usa/umn_mn_falkowski/ClippedPlots1ha","26919"
"usa_fernan","2015-07-30","2015","US","fernan_fernan","Leica ALS70 and Leica ALS80","2015","usa","/gpfs/data1/vclgp/data/gedi/incoming/usa/fernan_fernan/ALS","26911"
"usa_fernan","2015-08-05","2015","US","fernan_tepeepottercreek","Leica ALS70","2014","usa","/gpfs/data1/vclgp/data/gedi/incoming/usa/fernan_tepeepottercreek/ALS","26911"
"usa_fitsum","2012-12-31","2012","US","fitsum_southforksalmon","Leica ALS50-II","2008","usa","/gpfs/data1/vclgp/data/gedi/incoming/usa/fitsum_southforksalmon/ALS","26911"
"usa_harvard","2014-01-09","2014","US","neon_harv",NA,NA,"usa","/gpfs/data1/vclgp/data/gedi/incoming/usa/neon_aop/NEON-AOP-Distro-1.2b/D1/HARV/2014/HARV_L1/HARV_Lidar/Unclassified_point_cloud","32618"
"usa_me","2015-06-23","2015","US","usda_me",NA,NA,"usa","/gpfs/data1/vclgp/data/gedi/incoming/usa/usda_me/LAS","26919"
"usa_mn","2015-07-16","2015","US","usda_mn",NA,NA,"usa","/gpfs/data1/vclgp/data/gedi/incoming/usa/usda_mn/LAS","26915"
"usa_moscowmtn","2003-05-22","MoscowMtn2003","US","moscowmtn_2003","Leica ALS40","2003","usa","/gpfs/data1/vclgp/data/gedi/incoming/usa/moscowmtn_2003/ALS","26911"
"usa_moscowmtn","2009-07-21","MoscowMtn2009","US","moscowmtn_2009","Leica ALS50-II","2009","usa","/gpfs/data1/vclgp/data/gedi/incoming/usa/moscowmtn_2009/ALS","26911"
"usa_moscowmtn","2009-08-06","MoscowMtn2009","US","moscowmtn_2007",NA,"2007","usa","/gpfs/data1/vclgp/data/gedi/incoming/usa/moscowmtn_2007/ALS","26911"
"usa_newengland","2009-01-01","2009","US","nasa_hubbard",NA,NA,"usa","/gpfs/data1/vclgp/data/gedi/incoming/usa/nasa_hubbard/ALS","32619"
"usa_newengland","2009-01-01","2009","US","nasa_me",NA,NA,"usa","/gpfs/data1/vclgp/data/gedi/incoming/usa/nasa_newengland2009/ALS_ME","32619"
"usa_newengland","2009-01-01","2009","US","nasa_ma",NA,NA,"usa","/gpfs/data1/vclgp/data/gedi/incoming/usa/nasa_newengland2009/ALS_MA","32618"
"usa_nezperce","2002-10-09","2002","US","nezperce","Leica ALS40","2002","usa","/gpfs/data1/vclgp/data/gedi/incoming/usa/nezperce/ALS","26911"
"usa_or","2015-10-13","2015","US","usda_or",NA,NA,"usa","/gpfs/data1/vclgp/data/gedi/incoming/usa/usda_or/LAS","26910"
"usa_oregon_metolius","2006-01-01","2006","US","ctcd_metolius",NA,NA,NA,NA,NA
"usa_panj","2015-05-14","2015","US","usda_panj",NA,NA,"usa","/gpfs/data1/vclgp/data/gedi/incoming/usa/usda_panj/LAS","26918"
"usa_pref","2011-06-08","2011","US","pref_pref","Leica ALS50-II","2011","usa","/gpfs/data1/vclgp/data/gedi/incoming/usa/pref_pref/ALS","26911"
"usa_pref_fia","2011-12-31","2011","US","pref_fia","Leica ALS50-II","2011","usa","/gpfs/data1/vclgp/data/gedi/incoming/usa/pref_fia/ALS","26911"
"usa_sc","2015-05-04","2015","US","usda_sc",NA,NA,"usa","/gpfs/data1/vclgp/data/gedi/incoming/usa/usda_sc/LAS","26917"
"usa_serc","2/4/2008","1","US","stri_serc_Jun2012",NA,NA,"usa","/gpfs/data1/vclgp/data/gedi/incoming/usa/stri_serc/ALS/SERC_Jun2012/lidar/las","32618"
"usa_sierra","2008-01-01","2008","US","nasa_sierra",NA,NA,"usa","/gpfs/data1/vclgp/data/gedi/incoming/usa/nasa_sierra/Sierra/lascombined","26911"
"usa_slatecreek","2008-12-31","2008","US","slatecreek_2008","Leica ALS50","2006","usa","/gpfs/data1/vclgp/data/gedi/incoming/usa/slatecreek_2008/ALS","26911"
"usa_slatecreek","2010-12-31","2010","US","slatecreek_2010","Leica ALS50","2006","usa","/gpfs/data1/vclgp/data/gedi/incoming/usa/slatecreek_2010/ALS","26911"
"usa_sonoma","2014-09-26","2014","US","nasa_sonoma",NA,NA,"usa","/gpfs/data1/vclgp/data/gedi/incoming/usa/nasa_sonoma/plots_buf100m_merged_org/LAS","32610"
"usa_sonoma2017_frp","2017-09-05","2017","US","nasa_sonoma",NA,NA,"usa","/gpfs/data1/vclgp/data/gedi/incoming/usa/nasa_sonoma/plots_buf100m_merged_org/LAS","32610"
"usa_sonoma2017_vrp","2017-09-05","2017","US","nasa_sonoma",NA,NA,"usa","/gpfs/data1/vclgp/data/gedi/incoming/usa/nasa_sonoma/plots_buf100m_merged_org/LAS","32610"
"usa_stanley","2010-08-31","2010","US","stanley_stanley","Leica ALS50-II","2010","usa","/gpfs/data1/vclgp/data/gedi/incoming/usa/stanley_stanley/ALS","26911"
"usa_stjoe","2004-12-31","2004","US","stjoe","Leica ALS40","2003","usa","/gpfs/data1/vclgp/data/gedi/incoming/usa/stjoe/ALS","26911"
"usa_tepeecreek","2014-12-31","2007","US","tepeecreek_2014","Leica ALS50-II","2011","usa","/gpfs/data1/vclgp/data/gedi/incoming/usa/tepeecreek_2014","26911"
"usa_upperlolo","2007-12-31","2007","US","upperlolo","Leica ALS50","2006","usa","/gpfs/data1/vclgp/data/gedi/incoming/usa/upperlolo/ALS","26911"
NA,NA,NA,NA,"gsfc_mozambique",NA,NA,"africa","/gpfs/data1/vclgp/data/gedi/incoming/africa/gsfc_mozambique/LiDAR_Data/Zambezi_Delta_Mangroves_LiDAR_Survey/Point_Cloud","32736"
NA,NA,NA,NA,"jpl_mabounie",NA,NA,"africa","/gpfs/data1/vclgp/data/gedi/incoming/africa/jpl_mabounie/ALS","32732"
NA,NA,NA,NA,"tern_alice_mulga",NA,NA,"australia","/gpfs/data1/vclgp/data/gedi/incoming/australia/alice_mulga/ALS","28353"
NA,NA,NA,NA,"chowilla",NA,NA,"australia","/gpfs/data1/vclgp/data/gedi/incoming/australia/chowilla/ALS","28354"
NA,NA,NA,NA,"credo",NA,NA,"australia","/gpfs/data1/vclgp/data/gedi/incoming/australia/credo/ALS","28351"
NA,NA,NA,NA,"litchfield",NA,NA,"australia","/gpfs/data1/vclgp/data/gedi/incoming/australia/litchfield/ALS","28352"
NA,NA,NA,NA,"rushworth_forests",NA,NA,"australia","/gpfs/data1/vclgp/data/gedi/incoming/australia/rushworth_forests/ALS","28355"
NA,NA,NA,NA,"gold01",NA,NA,"australia","/gpfs/data1/vclgp/data/gedi/incoming/australia/gold01/ALS","28356"
NA,NA,NA,NA,"karawatha",NA,NA,"australia","/gpfs/data1/vclgp/data/gedi/incoming/australia/karawatha/ALS","28356"
NA,NA,NA,NA,"g_aguilarNP",NA,NA,"australia","/gpfs/data1/vclgp/data/gedi/incoming/australia/g_aguilarNP/ALS","28356"
NA,NA,NA,NA,"warra",NA,NA,"australia","/gpfs/data1/vclgp/data/gedi/incoming/australia/warra/ALS","28355"
NA,NA,NA,NA,"watts_creek",NA,NA,"australia","/gpfs/data1/vclgp/data/gedi/incoming/australia/watts_creek/ALS","28355"
NA,NA,NA,NA,"whroo",NA,NA,"australia","/gpfs/data1/vclgp/data/gedi/incoming/australia/whroo/ALS","28355"
NA,NA,NA,NA,"zigzag_creek",NA,NA,"australia","/gpfs/data1/vclgp/data/gedi/incoming/australia/zigzag_creek/ALS","28355"
NA,NA,NA,NA,"tern_robson_whole",NA,NA,"australia","/gpfs/data1/vclgp/data/gedi/incoming/australia/tern_robson_whole/ALS","28355"
NA,NA,NA,NA,"whrc_mexico_walker",NA,NA,"centralamerica","/gpfs/data1/vclgp/data/gedi/incoming/centralamerica/whrc_mexico_walker/als","4487"
NA,NA,NA,NA,"ucl_wytham",NA,NA,"europe","/gpfs/data1/vclgp/data/gedi/incoming/europe/ucl_wytham/ALS/discrete_laser/las1.2","27700"
NA,NA,NA,NA,"tellus_sw_uk",NA,NA,"europe","/gpfs/data1/vclgp/data/gedi/incoming/europe/tellus_sw_uk/ALS","32630"
NA,NA,NA,NA,"froscham",NA,NA,"europe","/gpfs/data1/vclgp/data/gedi/incoming/europe/froscham/ALS/LAS_UTM33","32633"
NA,NA,NA,NA,"skidmore_bayerischer",NA,NA,"europe","/gpfs/data1/vclgp/data/gedi/incoming/europe/skidmore_bayerischer/ALS","32632"
NA,NA,NA,NA,"kellner_pfynwald",NA,NA,"europe","/gpfs/data1/vclgp/data/gedi/incoming/europe/kellner_pfynwald/ALS_tiled","32632"
NA,NA,NA,NA,"disney_danum",NA,NA,"seasia","/gpfs/data1/vclgp/data/gedi/incoming/seasia/disney_danum/ALS/flightlines/discrete_laser/las1.2","32650"
NA,NA,NA,NA,"boyd_selangor",NA,NA,"seasia","/gpfs/data1/vclgp/data/gedi/incoming/seasia/boyd_selangor/las1.2","32647"
NA,NA,NA,NA,"jpl_borneo_013",NA,NA,"seasia","/gpfs/data1/vclgp/data/gedi/incoming/seasia/jpl_borneo/Polygon_013_utm_50S/lasclass","32750"
NA,NA,NA,NA,"jpl_borneo_040",NA,NA,"seasia","/gpfs/data1/vclgp/data/gedi/incoming/seasia/jpl_borneo/Polygon_040_utm_49S/lasclass","32749"
NA,NA,NA,NA,"jpl_borneo_139",NA,NA,"seasia","/gpfs/data1/vclgp/data/gedi/incoming/seasia/jpl_borneo/Polygon_139_utm_50N/lasclass","32650"
NA,NA,NA,NA,"jpl_borneo_219",NA,NA,"seasia","/gpfs/data1/vclgp/data/gedi/incoming/seasia/jpl_borneo/Polygon_219_utm_50S/lasclass","32750"
NA,NA,NA,NA,"embrapa_brazil_keller_2008_unknown",NA,NA,"southamerica","/gpfs/data1/vclgp/data/gedi/incoming/southamerica/embrapa_brazil_keller/ALS/LAS_unzip/2008/unknown","0"
NA,NA,NA,NA,"embrapa_brazil_keller_2011_unknown",NA,NA,"southamerica","/gpfs/data1/vclgp/data/gedi/incoming/southamerica/embrapa_brazil_keller/ALS/LAS_unzip/2011/unknown","0"
NA,NA,NA,NA,"embrapa_brazil_keller_2011_32720",NA,NA,"southamerica","/gpfs/data1/vclgp/data/gedi/incoming/southamerica/embrapa_brazil_keller/ALS/LAS_unzip/2011/brazil_32720","32720"
NA,NA,NA,NA,"embrapa_brazil_keller_2012_unknown",NA,NA,"southamerica","/gpfs/data1/vclgp/data/gedi/incoming/southamerica/embrapa_brazil_keller/ALS/LAS_unzip/2012/unknown","0"
NA,NA,NA,NA,"embrapa_brazil_keller_2013_unknown",NA,NA,"southamerica","/gpfs/data1/vclgp/data/gedi/incoming/southamerica/embrapa_brazil_keller/ALS/LAS_unzip/2013/unknown","0"
NA,NA,NA,NA,"embrapa_brazil_keller_2014_unknown",NA,NA,"southamerica","/gpfs/data1/vclgp/data/gedi/incoming/southamerica/embrapa_brazil_keller/ALS/LAS_unzip/2014/unknown","unknown"
NA,NA,NA,NA,"embrapa_brazil_keller_2014_32720",NA,NA,"southamerica","/gpfs/data1/vclgp/data/gedi/incoming/southamerica/embrapa_brazil_keller/ALS/LAS_unzip/2014/brazil_32720","32720"
NA,NA,NA,NA,"embrapa_brazil_keller_2014_32721",NA,NA,"southamerica","/gpfs/data1/vclgp/data/gedi/incoming/southamerica/embrapa_brazil_keller/ALS/LAS_unzip/2014/brazil_32721","32721"
NA,NA,NA,NA,"embrapa_brazil_keller_2014_32722",NA,NA,"southamerica","/gpfs/data1/vclgp/data/gedi/incoming/southamerica/embrapa_brazil_keller/ALS/LAS_unzip/2014/brazil_32722","32722"
NA,NA,NA,NA,"inpe_brazil_gorgens",NA,NA,"southamerica","/gpfs/data1/vclgp/data/gedi/incoming/southamerica/inpe_brazil_gorgens/als","31979"
NA,NA,NA,NA,"cascadeeastzone",NA,NA,"usa","/gpfs/data1/vclgp/data/gedi/incoming/usa/southforksalmon/ALS_untreated","26911"
NA,NA,NA,NA,"nasa_sonoma_whole",NA,NA,"usa","/gpfs/data1/vclgp/data/gedi/incoming/usa/nasa_sonoma/ALS_whole","32610"
NA,NA,NA,NA,"nasa_howland",NA,NA,"usa","/gpfs/data1/vclgp/data/gedi/incoming/usa/nasa_howland/Howland_Forest_Jun2012/lidar/las","32619"
NA,NA,NA,NA,"nasa_howland_2009",NA,NA,"usa","/gpfs/data1/vclgp/data/gedi/incoming/usa/nasa_newengland2009/ALS_ME","32619"
NA,NA,NA,NA,"stri_serc_Oct2011",NA,NA,"usa","/gpfs/data1/vclgp/data/gedi/incoming/usa/stri_serc/ALS/SERC_Oct2011/lidar/las","32618"
NA,NA,NA,NA,"stri_serc_Mar2012",NA,NA,"usa","/gpfs/data1/vclgp/data/gedi/incoming/usa/stri_serc/ALS/SERC_Mar2012/lidar/las","32618"
NA,NA,NA,NA,"neon_bart",NA,NA,"usa","/gpfs/data1/vclgp/data/gedi/incoming/usa/neon_aop/NEON-AOP-Distro-1.2b/D1/BART/2014/BART_L1/BART_Lidar/Unclassified_point_cloud","32619"
NA,NA,NA,NA,"neon_sawb",NA,NA,"usa","/gpfs/data1/vclgp/data/gedi/incoming/usa/neon_aop/NEON-AOP-Distro-1.2b/D1/SAWB/2014/SAWB_L1/SAWB_Lidar/Unclassified_point_cloud","32619"
NA,NA,NA,NA,"neon_bldr_preflood",NA,NA,"usa","/gpfs/data1/vclgp/data/gedi/incoming/usa/neon_aop/NEON-AOP-Distro-1.2b/D10/BLDR/2013/preflood/BLDR_L1/BLDR_Lidar/Unclassified_point_cloud","32613"
NA,NA,NA,NA,"neon_bldr_postflood",NA,NA,"usa","/gpfs/data1/vclgp/data/gedi/incoming/usa/neon_aop/NEON-AOP-Distro-1.2b/D10/BLDR/2013/postflood/BLDR_L1/BLDR_Lidar/Unclassified_point_cloud","32613"
NA,NA,NA,NA,"neon_cper",NA,NA,"usa","/gpfs/data1/vclgp/data/gedi/incoming/usa/neon_aop/NEON-AOP-Distro-1.2b/D10/CPER/2013/CPER_L1/CPER_Lidar/Unclassified_point_cloud","32613"
NA,NA,NA,NA,"neon_ster",NA,NA,"usa","/gpfs/data1/vclgp/data/gedi/incoming/usa/neon_aop/NEON-AOP-Distro-1.2b/D10/STER/2013/STER_L1/STER_Lidar/Unclassified_point_cloud","32613"
NA,NA,NA,NA,"neon_prov",NA,NA,"usa","/gpfs/data1/vclgp/data/gedi/incoming/usa/neon_aop/NEON-AOP-Distro-1.2b/D17/PROV/2013/PROV_L1/PROV_Lidar/Unclassified_point_cloud","32611"
NA,NA,NA,NA,"neon_sjer",NA,NA,"usa","/gpfs/data1/vclgp/data/gedi/incoming/usa/neon_aop/NEON-AOP-Distro-1.2b/D17/SJER/2013/SJER_L1/SJER_Lidar/Unclassified_point_cloud","32611"
NA,NA,NA,NA,"neon_soap",NA,NA,"usa","/gpfs/data1/vclgp/data/gedi/incoming/usa/neon_aop/NEON-AOP-Distro-1.2b/D17/SOAP/2013/SOAP_L1/SOAP_Lidar/Unclassified_point_cloud","32611"
NA,NA,NA,NA,"neon_teak",NA,NA,"usa","/gpfs/data1/vclgp/data/gedi/incoming/usa/neon_aop/NEON-AOP-Distro-1.2b/D17/TEAK/2013/TEAK_L1/TEAK_Lidar/Unclassified_point_cloud","32611"
NA,NA,NA,NA,"neon_dsny",NA,NA,"usa","/gpfs/data1/vclgp/data/gedi/incoming/usa/neon_aop/NEON-AOP-Distro-1.2b/D3/DSNY/2014/DSNY_L1/DSNY_Lidar/Unclassified_point_cloud","32617"
NA,NA,NA,NA,"neon_jerc",NA,NA,"usa","/gpfs/data1/vclgp/data/gedi/incoming/usa/neon_aop/NEON-AOP-Distro-1.2b/D3/JERC/2014/JERC_L1/JERC_Lidar/Unclassified_point_cloud","32616"
NA,NA,NA,NA,"neon_osbs",NA,NA,"usa","/gpfs/data1/vclgp/data/gedi/incoming/usa/neon_aop/NEON-AOP-Distro-1.2b/D3/OSBS/2014/OSBS_L1/OSBS_Lidar/Unclassified_point_cloud","32617"
