species,allom.name
Acacia dealbata,Single stemmed acacia trees
Acacia dealbata US,@UniversalSmall
Acacia maidenii,Multi-stemmed acacias and mallees
Acacia melanoxylon,Single stemmed acacia trees
Acacia melanoxylon US,@UniversalSmall
Acacia mucronata,Multi-stemmed acacias and mallees
Acacia pentadenia,Multi-stemmed acacias and mallees
Acacia schinoides,Single stemmed acacia trees
Acacia sp.,Multi-stemmed acacias and mallees
Acacia verticillata,Multi-stemmed acacias and mallees
Acmena smithii,Other trees - high wood density
Agonis flexuosa,Other trees - high wood density
Allocasuarina decussata,Other trees - high wood density
Allocasuarina torulosa,Other trees - high wood density
Alphitonia excelsa,Shrubs
Anopterus glandulosus,Other trees - high wood density
Archirhodomyrtus beckleri,Other trees - high wood density
Atherosperma moschatum,Other trees - high wood density
Austrobuxus swainii,Other trees - high wood density
Bedfordia arborescens,Shrubs
Bedfordia salicina,Shrubs
Caldcluvia paniculosa,Other trees - high wood density
Callicoma serratifolia,Other trees - high wood density
Callistemon salignus,Shrubs
Callitris sp.,Other trees - high wood density
Ceratopetalum apetalum,Other trees - high wood density
Cissus hypoglauca,Other trees - high wood density
Clerodendrum floribundum,Other trees - high wood density
Coprosma nitida,Other trees - high wood density
Coprosma quadrifida,Other trees - high wood density
Coprosma sp.,Other trees - high wood density
Correa lawrenceana,Other trees - high wood density
Corymbia calophylla,Eucalypt trees
Cryptocarya bidwillii,Other trees - high wood density
Cryptocarya foveolata,Other trees - high wood density
Cryptocarya glaucescens,Other trees - high wood density
Cryptocarya microneura,Other trees - high wood density
Cryptocarya rigida,Other trees - high wood density
Doryphora sassafras,Other trees - high wood density
Elaeocarpus holopetalus,Other trees - high wood density
Elaeocarpus reticulatus,Other trees - high wood density
Endiandra discolor,Other trees - high wood density
Eucalyptus andrewsii,Eucalypt trees
Eucalyptus andrewsii US,@UniversalSmall
Eucalyptus coccifera,Eucalypt trees
Eucalyptus cypellocarpa,Eucalypt trees
Eucalyptus cypellocarpa US,@UniversalSmall
Eucalyptus dalrympleana,Eucalypt trees
Eucalyptus dalrympleana US,@UniversalSmall
Eucalyptus delegatensis,Eucalypt trees
Eucalyptus delegatensis UL,@UniversalLarge
Eucalyptus delegatensis US,@UniversalSmall
Eucalyptus diversicolor,Eucalypt trees
Eucalyptus diversicolor UL,@UniversalLarge
Eucalyptus diversicolor US,@UniversalSmall
Eucalyptus fastigata,Eucalypt trees
Eucalyptus fastigata US,@UniversalSmall
Eucalyptus grandis,Eucalypt trees
Eucalyptus guilfoylei,Eucalypt trees
Eucalyptus jacksonii,Eucalypt trees
Eucalyptus jacksonii UL,@UniversalLarge
Eucalyptus jacksonii US,@UniversalSmall
Eucalyptus microcorys,Eucalypt trees
Eucalyptus microcorys UL,@UniversalLarge
Eucalyptus microcorys US,@UniversalSmall
Eucalyptus nitens,Eucalypt trees
Eucalyptus obliqua,Eucalypt trees
Eucalyptus obliqua UL,@UniversalLarge
Eucalyptus obliqua US,@UniversalSmall
Eucalyptus or Corymbia sp.,Eucalypt trees
Eucalyptus ovata,Eucalypt trees
Eucalyptus pilularis,Eucalypt trees
Eucalyptus pilularis UL,@UniversalLarge
Eucalyptus pilularis US,@UniversalSmall
Eucalyptus radiata,Eucalypt trees
Eucalyptus regnans,Eucalypt trees
Eucalyptus regnans UL,@UniversalLarge
Eucalyptus regnans US,@UniversalSmall
Eucalyptus saligna,Eucalypt trees
Eucalyptus sieberi,Eucalypt trees
Eucalyptus sp.,Eucalypt trees
Eucalyptus sp. UL,@UniversalLarge
Eucalyptus sp. US,@UniversalSmall
Eucalyptus spp.,Eucalypt trees
Eucalyptus subcrenulata,Eucalypt trees
Eucalyptus urnigera,Eucalypt trees
Eucalyptus viminalis,Eucalypt trees
Eucryphia lucida,Other trees - high wood density
Eupomatia laurina,Other trees - high wood density
Geissois benthamiana,Other trees - high wood density
Gmelina leichhardtii,Other trees - high wood density
Guioa semiglauca,Other trees - high wood density
Hakea lissosperma,Shrubs
Hedycarya angustifolia,Other trees - high wood density
Leptospermum sp. 10,Shrubs
Leptospermum sp. 10 US,@UniversalSmall
Litsea australis,Other trees - high wood density
Litsea reticulata,Other trees - high wood density
Lomatia fraseri,Other trees - high wood density
Lomatia myricoides,Other trees - high wood density
Lophostemon confertus,Other trees - high wood density
Lophostemon sp.,Other trees - high wood density
Lophostemon sp. US,@UniversalSmall
Meleleuca ericifolia,Other trees - high wood density
Melicope hayesii,Other trees - high wood density
Monotoca glauca,Shrubs
Nematolepis squamea,Shrubs
Nematolepis squamea US,@UniversalSmall
Neolitsea dealbata,Other trees - high wood density
Niemeyera whitei,Other trees - high wood density
Nothofagus cunninghamii,Other trees - high wood density
Nothofagus cunninghamii US,@UniversalSmall
Olearia argophylla,Other trees - high wood density
Orites excelsus,Other trees - high wood density
Ozothamnus antennaria,Other trees - high wood density
Persoonia arborea,Other trees - high wood density
Persoonia conjuncta,Other trees - high wood density
Persoonia muelleri,Shrubs
Persoonia silvatica,Other trees - high wood density
Phyllocladus aspleniifolius,Other trees - high wood density
Pilidiostigma glabrum,Other trees - high wood density
Pittosporum bicolor,Other trees - high wood density
Pittosporum undulatum,Other trees - high wood density
Polyscias elegans,Other trees - high wood density
Pomaderris apetala,Shrubs
Pomaderris aspera,Shrubs
Prostanthera lasianthos,Shrubs
Rhodamnia rubescens,Other trees - high wood density
Rhodomyrtus psidioides,Other trees - high wood density
Schizomeria ovata,Other trees - high wood density
Syncarpia glomulifera,Other trees - high wood density
Syncarpia glomulifera US,@UniversalSmall
Synoum glandulosum,Other trees - high wood density
Syzygium oleosum,Other trees - high wood density
Tasmannia lanceolata,Other trees - high wood density
Toona ciliata,Other trees - high wood density
Tree,Other trees - high wood density
Trochocarpa laurina,Other trees - high wood density
Trymalium odoratissimum,Other trees - high wood density
Zieria arborescens,Shrubs
