"species","new.family","new.genus","new.species"
"Allocasuarina torulosa","Casuarinaceae","Allocasuarina","torulosa"
"Eucalyptus microcorys","Myrtaceae","Eucalyptus","microcorys"
"Eucalyptus pilularis","Myrtaceae","Eucalyptus","pilularis"
"Eucalyptus saligna","Myrtaceae","Eucalyptus","saligna"
"Eucalyptus sp.","Myrtaceae","Eucalyptus","sp."
"Trochocarpa laurina","Ericaceae","Trochocarpa","laurina"
"UNNCU14",NA,"UNNCU14",NA
"Elaeocarpus reticulatus","Elaeocarpaceae","Elaeocarpus","reticulatus"
"Lophostemon sp.","Myrtaceae","Lophostemon","sp."
"UNNCU15",NA,"UNNCU15",NA
"UNNCUnk",NA,"UNNCUnk",NA
"Pomaderris aspera","Rhamnaceae","Pomaderris","aspera"
"Eucalyptus regnans","Myrtaceae","Eucalyptus","regnans"
"Hedycarya angustifolia","Monimiaceae","Hedycarya","angustifolia"
"USEHDead",NA,"USEHDead",NA
"UVCFUS2",NA,"UVCFUS2",NA
"Acacia sp.","Fabaceae","Acacia","sp."
"Acacia dealbata","Fabaceae","Acacia","dealbata"
"Acacia melanoxylon","Fabaceae","Acacia","melanoxylon"
"Zieria arborescens","Rutaceae","Zieria","arborescens"
"Persoonia arborea","Proteaceae","Persoonia","arborea"
"Bedfordia arborescens","Compositae","Bedfordia","arborescens"
"Lomatia fraseri","Proteaceae","Lomatia","fraseri"
"Olearia argophylla","Compositae","Olearia","argophylla"
"Tasmannia lanceolata","Winteraceae","Tasmannia","lanceolata"
"Leptospermum scoparium","Myrtaceae","Leptospermum","scoparium"
"UVCFUS3",NA,"UVCFUS3",NA
"Eucalyptus delegatensis","Myrtaceae","Eucalyptus","delegatensis"
"Persoonia muelleri","Proteaceae","Persoonia","muelleri"
"Unknown",NA,"Unknown",NA
"Pittosporum bicolor","Pittosporaceae","Pittosporum","bicolor"
"Pomaderris apetala","Rhamnaceae","Pomaderris","apetala"
"Nothofagus cunninghamii","Nothofagaceae","Nothofagus","cunninghamii"
"Eucalyptus obliqua","Myrtaceae","Eucalyptus","obliqua"
"Eucryphia lucida","Cunoniaceae","Eucryphia","lucida"
"Monotoca glauca","Ericaceae","Monotoca","glauca"
"Phyllocladus aspleniifolius","Podocarpaceae","Phyllocladus","aspleniifolius"
"Atherosperma moschatum","Atherospermataceae","Atherosperma","moschatum"
"Nematolepis squamea","Rutaceae","Nematolepis","squamea"
"UTSRDead",NA,"UTSRDead","NA"
"Cryptocarya rigida","Lauraceae","Cryptocarya","rigida"
"Archontophoenix cunninghamiana","Arecaceae","Archontophoenix","cunninghamiana"
"Schizomeria ovata","Cunoniaceae","Schizomeria","ovata"
"Cissus hypoglauca","Vitaceae","Cissus","hypoglauca"
"Syncarpia glomulifera subsp glabra","Myrtaceae","Syncarpia","glomulifera"
"Synoum glandulosum subsp glandulsoum","Meliaceae","Synoum","glandulosum"
"Cryptocarya glaucescens","Lauraceae","Cryptocarya","glaucescens"
"Archihodomyrtus beckleri",NA,"Archihodomyrtus","beckleri"
"Caldcluvia paniculosa","Cunoniaceae","Caldcluvia","paniculosa"
"Eupomatia laurina","Eupomatiaceae","Eupomatia","laurina"
"Cryptocarya microneura","Lauraceae","Cryptocarya","microneura"
"Neolitsea dealbata","Lauraceae","Neolitsea","dealbata"
"Syzygium oleosum","Myrtaceae","Syzygium","oleosum"
"UNNCU34",NA,"UNNCU34","NA"
"Clerodendrum floribundum","Lamiaceae","Clerodendrum","floribundum"
"UNNCU40",NA,"UNNCU40","NA"
"UNNCU38",NA,"UNNCU38","NA"
"Syncarpia glomulifera subsp glomulifera","Myrtaceae","Syncarpia","glomulifera"
"Callitris sp.","Cupressaceae","Callitris","sp."
"Persoonia conjuncta","Proteaceae","Persoonia","conjuncta"
"Acacia maidenii","Fabaceae","Acacia","maidenii"
"Eucalyptus andrewsii","Myrtaceae","Eucalyptus","andrewsii"
"Acacia mucronata","Fabaceae","Acacia","mucronata"
"Eucalyptus ovata","Myrtaceae","Eucalyptus","ovata"
"Nematolepis squamea subsp squamea","Rutaceae","Nematolepis","squamea"
"Eucalyptus grandis","Myrtaceae","Eucalyptus","grandis"
"Litsea australis","Lauraceae","Litsea","australis"
"Ceratopetalum apetalum","Cunoniaceae","Ceratopetalum","apetalum"
"UNNCG4",NA,"UNNCG4",NA
"UNNCG6",NA,"UNNCG6",NA
"Cryptocarya bidwillii","Lauraceae","Cryptocarya","bidwillii"
"Guioa semiglauca","Sapindaceae","Guioa","semiglauca"
"UNNCG7",NA,"UNNCG7",NA
"UNNCUSM",NA,"UNNCUSM",NA
"UNNCG9",NA,"UNNCG9",NA
"UNNCG2",NA,"UNNCG2",NA
"UNNCG10",NA,"UNNCG10",NA
"Niemeyeria whitei","Sapotaceae","Niemeyera","whitei"
"UNNCPALM2",NA,"UNNCPALM2",NA
"Alphitonia excelsa","Rhamnaceae","Alphitonia","excelsa"
"UNNCG15",NA,"UNNCG15",NA
"UNNCG16",NA,"UNNCG16",NA
"Litsea reticulata","Lauraceae","Litsea","reticulata"
"UNNCG18",NA,"UNNCG18",NA
"Geissois benthamii","Cunoniaceae","Geissois","benthamii"
"UNNCG20",NA,"UNNCG20",NA
"UNNCU19",NA,"UNNCU19",NA
"Callicoma serratifolia","Cunoniaceae","Callicoma","serratifolia"
"UNNCG21",NA,"UNNCG21",NA
"UNNCG22",NA,"UNNCG22",NA
"Orites excelsus","Proteaceae","Orites","excelsus"
"UNNCMYRT2",NA,"UNNCMYRT2",NA
"Eucalyptus cypellocarpa","Myrtaceae","Eucalyptus","cypellocarpa"
"Eucalyptus spp","Myrtaceae","Eucalyptus","spp"
"Eucalyptus fastigata","Myrtaceae","Eucalyptus","fastigata"
"Eucalyptus sieberi","Myrtaceae","Eucalyptus","sieberi"
"Pittosporum undulatum","Pittosporaceae","Pittosporum","undulatum"
"Eucalyptus diversicolor","Myrtaceae","Eucalyptus","diversicolor"
"Trymalium odoratissimum","Rhamnaceae","Trymalium","odoratissimum"
"Corymbia calophylla","Myrtaceae","Corymbia","calophylla"
"UWARDead",NA,"UWARDead","NA"
"Bedfordia salicina","Compositae","Bedfordia","salicina"
"Leptospermum lanigerum","Myrtaceae","Leptospermum","lanigerum"
"Eucalyptus jacksonii","Myrtaceae","Eucalyptus","jacksonii"
"Eucalyptus guilfoylei","Myrtaceae","Eucalyptus","guilfoylei"
"Allocasuarina decussata","Casuarinaceae","Allocasuarina","decussata"
"Agonis flexuosa","Myrtaceae","Agonis","flexuosa"
"Acacia verticillata","Fabaceae","Acacia","verticillata"
"Coprosma spp","Rubiaceae","Coprosma","spp"
"Acacia pentadenia","Fabaceae","Acacia","pentadenia"
"Elaeocarpus holopetalus","Elaeocarpaceae","Elaeocarpus","holopetalus"
"Doryphora sassafras","Atherospermataceae","Doryphora","sassafras"
"Eucalyptus nitens","Myrtaceae","Eucalyptus","nitens"
"Correa lawrenceana var latrobeana","Rutaceae","Correa","lawrenceana"
"Coprosma quadrifida","Rubiaceae","Coprosma","quadrifida"
"UNNCU18",NA,"UNNCU18","NA"
"UNNCU26",NA,"UNNCU26","NA"
"Pilidiostigma glabrum","Myrtaceae","Pilidiostigma","glabrum"
"Endiandra discolor","Lauraceae","Endiandra","discolor"
"Acmena smithii","Myrtaceae","Acmena","smithii"
"UNNCU29",NA,"UNNCU29","NA"
"Callistemon salignus","Myrtaceae","Callistemon","salignus"
"Eucalyptus dalrympleana","Myrtaceae","Eucalyptus","dalrympleana"
"Eucalyptus coccifera","Myrtaceae","Eucalyptus","coccifera"
"Eucalyptus subcrenulata","Myrtaceae","Eucalyptus","subcrenulata"
"Ozothamnus antennaria","Compositae","Ozothamnus","antennaria"
"Eucalyptus urnigera","Myrtaceae","Eucalyptus","urnigera"
"Hakea lissosperma","Proteaceae","Hakea","lissosperma"
"Coprosma nitida","Rubiaceae","Coprosma","nitida"
"Persoonia silvatica","Proteaceae","Persoonia","silvatica"
"Eucalyptus radiata","Myrtaceae","Eucalyptus","radiata"
"UNNCEUC1",NA,"UNNCEUC1","NA"
"UNNCEUC3",NA,"UNNCEUC3","NA"
"UNNCG24",NA,"UNNCG24","NA"
"UNNCG26",NA,"UNNCG26","NA"
"UNNCEUC4",NA,"UNNCEUC4","NA"
"UNNCG28",NA,"UNNCG28","NA"
"UNNCG30",NA,"UNNCG30","NA"
"Meleleuca ericifolia",NA,"Meleleuca","ericifolia"
"Acacia schinoides","Fabaceae","Acacia","schinoides"
"UNNCU21",NA,"UNNCU21","NA"
"UNNCU22",NA,"UNNCU22","NA"
"Melicope hayesii","Rutaceae","Melicope","hayesii"
"UNNCU23",NA,"UNNCU23","NA"
"Prostanthera lasianthos var lasianthos","Lamiaceae","Prostanthera","lasianthos"
"Eucalyptus viminalis","Myrtaceae","Eucalyptus","viminalis"
"UVCFUS1",NA,"UVCFUS1","NA"
"Leptospermum spp","Myrtaceae","Leptospermum","spp"
"Anopterus glandulosus","Escalloniaceae","Anopterus","glandulosus"
"Prostanthera lasianthos","Lamiaceae","Prostanthera","lasianthos"
"Lomatia myricoides","Proteaceae","Lomatia","myricoides"
