source;project;site;plot;estsurvey;estdate;survey;date;longitude;latitude;major_axis;minor_axis;orientation;shape;origin;plotarea_ha;plotdmin;nsubplots;geom;st_astext;st_srid
TERN Australia;Ausplot Forest Monitoring Network;A-Tree;NSFNNC002;1;2013-09-26;1;2013-09-26;152.4609;-31.2421;100.0;100.0;112.003;Square;LL;1.0;10.0;1;0020000003000010E6000000010000000540630EBFB15B571FC03F3DFA43FE3F2340630EC816E7468BC03F3E07204E05AA40630EC9F5DF2292C03F3DCD6940CB1A40630EC1905805A0C03F3DC08CF92AD440630EBFB15B571FC03F3DFA43FE3F23;POLYGON((152.460899999999 -31.2420999999732,152.461924983702 -31.242296237038,152.462153373538 -31.2414155753314,152.461128398817 -31.2412193401641,152.460899999999 -31.2420999999732));4326
TERN Australia;Ausplot Forest Monitoring Network;ANU101;VCFSEH001;1;2014-01-31;1;2014-01-31;145.516708;-37.530841;100.0;100.0;41.667;Square;LL;1.0;10.0;1;0020000003000010E6000000010000000540623088DF3732C3C042C3F2990F18C940623091E2FC8547C042C3F97A78B9D4406230940BE80FEBC042C3DCC2F4770F4062308B08292981C042C3D5E190CC9440623088DF3732C3C042C3F2990F18C9;POLYGON((145.516708000001 -37.5308409999576,145.517808430867 -37.5310509767038,145.518072083708 -37.5301746076276,145.516971664805 -37.5299646336581,145.516708000001 -37.5308409999576));4326
TERN Australia;Ausplot Forest Monitoring Network;ANU363;VCFSEH006;1;2014-04-05;1;2014-04-05;145.626745;-37.59279;100.0;100.0;181.736;Square;LL;1.0;10.0;1;0020000003000010E600000001000000054062340E4B87BD42C042CBE08AEFB6C04062341751E343EEC042CBE76455231B4062341978C0CE3BC042CBCAAABEB99340623410726BBE38C042CBC3D15F04EF4062340E4B87BD42C042CBE08AEFB6C0;POLYGON((145.626744999996 -37.5927900000074,145.627846664312 -37.5929990211209,145.6281093374 -37.5921224051737,145.627007685123 -37.5919133867227,145.626744999996 -37.5927900000074));4326
TERN Australia;Ausplot Forest Monitoring Network;ANU589;VCFSEH007;1;2014-04-09;1;2014-04-09;145.638847;-37.588718;100.0;100.0;291.74;Square;LL;1.0;10.0;1;0020000003000010E60000000100000005406234716F4384B8C042CB5B1C864F984062347A759B8E98C042CB61F4867AEC4062347C9C011FBCC042CB453A9362404062347395AF8CEEC042CB3E6298BAC4406234716F4384B8C042CB5B1C864F98;POLYGON((145.638847 -37.5887180000129,145.63994865782 -37.588926854767,145.64021110744 -37.5880501956603,145.639109461662 -37.5878413434744,145.638847 -37.5887180000129));4326
TERN Australia;Ausplot Forest Monitoring Network;Ada Tree;VCFSEH002;1;2014-02-06;1;2014-02-06;145.867273;-37.804973;100.0;100.0;211.917;Square;LL;1.0;10.0;1;0020000003000010E6000000010000000540623BC0B34E763FC042E7095AF2A10F40623BC9C1692AD3C042E71026CA99FA40623BCBE5991B4EC042E6F369CFA1BA40623BC2D784F603C042E6EC9DFD499240623BC0B34E763FC042E7095AF2A10F;POLYGON((145.867272999998 -37.8049730000222,145.868378358273 -37.8051804055467,145.86863975433 -37.8043033851458,145.867534408273 -37.8040959822421,145.867272999998 -37.8049730000222));4326
TERN Australia;Ausplot Forest Monitoring Network;BenRidge;TCFBEL002;1;2015-01-06;1;2015-01-06;147.602513;-41.367397;100.0;100.0;117.257;Square;LL;1.0;10.0;1;0020000003000010E6000000010000000540627347C957CCECC044AF06DD69C636406273514FF69317C044AF0DBC35F79640627353979C5344C044AEF107CE8AE74062734A11057B37C044AEEA29081B4340627347C957CCECC044AF06DD69C636;POLYGON((147.602512999997 -41.3673969999767,147.603675824729 -41.3676066649925,147.603954129527 -41.366730666972,147.602791319566 -41.366521004637,147.602512999997 -41.3673969999767));4326
TERN Australia;Ausplot Forest Monitoring Network;Bird;TCFTSR001;1;2012-01-23;1;2012-01-23;146.643249;-43.089424;100.0;100.0;349.553;Square;LL;1.0;10.0;1;0020000003000010E60000000100000005406254957EED45C1C0458B723EE1C0454062549F374F7534C0458B79E70CC187406254A1D3E875F2C0458B5D67F7F350406254981B8E9D19C0458B55BFD3E4EE406254957EED45C1C0458B723EE1C045;POLYGON((146.643248999999 -43.0894240000057,146.644435553733 -43.089657670239,146.644754365945 -43.0887880287834,146.643567827742 -43.0885543617859,146.643248999999 -43.0894240000057));4326
TERN Australia;Ausplot Forest Monitoring Network;BirdTree;NSFNNC005;1;2013-10-31;1;2013-10-31;152.682894;-31.686657;100.0;100.0;272.224;Square;LL;1.0;10.0;1;0020000003000010E60000000100000005406315DA448494E3C03FAFC8C0CE901F406315E2B4557A87C03FAFD59BA595E5406315E4956387C3C03FAF9BE503C654406315DC25979241C03FAF8F0A34D987406315DA448494E3C03FAFC8C0CE901F;POLYGON((152.682894000004 -31.6866569999985,152.68392388053 -31.6868531493436,152.684153265376 -31.6859725126472,152.683123394048 -31.6857763651874,152.682894000004 -31.6866569999985));4326
TERN Australia;Ausplot Forest Monitoring Network;BlackBull;NSFNNC006;1;2013-11-07;1;2013-11-07;152.726671;-30.15757;100.0;100.0;56.723;Square;LL;1.0;10.0;1;0020000003000010E6000000010000000540631740E38A7E5CC03E285681ECF7A44063174935CBED5FC03E2862CD1762434063174AFA7B356DC03E2828F37CE8E140631742A83E675BC03E281CA859CA4E40631740E38A7E5CC03E285681ECF7A4;POLYGON((152.726670999999 -30.1575700000318,152.727686785026 -30.1577575857248,152.727902641909 -30.156874864574,152.726886865504 -30.15668728058,152.726670999999 -30.1575700000318));4326
TERN Australia;Ausplot Forest Monitoring Network;BlackRiver;TCFKIN001;1;2014-11-04;1;2014-11-04;145.285228;-40.90313;100.0;100.0;370.884;Square;LL;1.0;10.0;1;0020000003000010E600000001000000054062292096787C87C0447399C38B053040622929F981B78EC04473A1775C490D4062292C83324BB4C0447384FA5B12CF4062292320306D90C044737D4690F1654062292096787C87C0447399C38B0530;POLYGON((145.285227999997 -40.9031300000009,145.286373856882 -40.9033650589573,145.286683653101 -40.9024956650443,145.285537809931 -40.9022606094102,145.285227999997 -40.9031300000009));4326
TERN Australia;Ausplot Forest Monitoring Network;BondTier;TCFKIN002;1;2014-11-18;1;2014-11-18;144.842051;-40.952559;100.0;100.0;248.679;Square;LL;1.0;10.0;1;0020000003000010E6000000010000000540621AF214F05093C04479ED740C310340621AFB750FCF93C04479F557AA438240621AFE0F00D459C04479D8E8FD2A5940621AF4AEE89E10C04479D10566891640621AF214F05093C04479ED740C3103;POLYGON((144.842050999989 -40.9525589999703,144.843195467835 -40.952799757134,144.843513013477 -40.9519320713195,144.842368559199 -40.9516913176214,144.842050999989 -40.9525589999703));4326
TERN Australia;Ausplot Forest Monitoring Network;Bruxner;NSFNNC007;1;2013-11-13;1;2013-11-13;153.091808;-30.24019;100.0;100.0;201.857;Square;LL;1.0;10.0;1;0020000003000010E60000000100000005406322F01754B021C03E3D7D1782BF6A406322F86D352B73C03E3D89266227E5406322FA29989A6FC03E3D4F402CA9A7406322F1D3BCCCDFC03E3D433154866F406322F01754B021C03E3D7D1782BF6A;POLYGON((153.091807999998 -30.2401899999817,153.092825511787 -30.2403739919318,153.093037412694 -30.239490519432,153.092019909621 -30.2393065291748,153.091807999998 -30.2401899999817));4326
TERN Australia;Ausplot Forest Monitoring Network;Candelo;NSFSEC005;1;2014-05-20;1;2014-05-20;149.594699;-36.863176;100.0;100.0;65.099;Square;LL;1.0;10.0;1;0020000003000010E600000001000000054062B307C632814BC0426E7C8D193C2C4062B310D1CFC8AEC0426E81AB64DAC84062B31269779C2EC0426E6498CEC1464062B3095DE11AA0C0426E5F7A85EFD84062B307C632814BC0426E7C8D193C2C;POLYGON((149.594699000018 -36.8631759999483,149.595803170994 -36.8633321993307,149.595997556318 -36.8624449739023,149.594893397957 -36.8622887758244,149.594699000018 -36.8631759999483));4326
TERN Australia;Ausplot Forest Monitoring Network;Carey;WAFWAR001;1;2012-09-12;1;2012-09-12;115.845703;-34.386658;100.0;100.0;312.213;Square;LL;1.0;10.0;1;0020000003000010E60000000100000005405CF61FFF79C947C041317E02644856405CF60E2F017492C041317EC62049A8405CF60EA5081EE1C041319C4FAEC9E5405CF620758CF9B7C041319B8BF2C27F405CF61FFF79C947C041317E02644856;POLYGON((115.845703000004 -34.38665799996,115.844615699216 -34.3866813333182,115.844643838816 -34.3875827411137,115.845731151267 -34.3875594077444,115.845703000004 -34.38665799996));4326
TERN Australia;Ausplot Forest Monitoring Network;Caveside;TCFTNS004;1;2015-02-04;1;2015-02-04;146.501252;-41.669875;100.0;100.0;218.856;Square;LL;1.0;10.0;1;0020000003000010E600000001000000054062500A41A2617FC044D5BE76C8AA7B40625013C868C4A1C044D5C5DCF562D3406250163FF2E727C044D5A94A9C36A94062500CB93457F0C044D5A1E47622C94062500A41A2617FC044D5BE76C8AA7B;POLYGON((146.501251999998 -41.6698749999823,146.502414898515 -41.6701008032011,146.502716040058 -41.6692288649331,146.501553156122 -41.6690030648074,146.501251999998 -41.6698749999823));4326
TERN Australia;Ausplot Forest Monitoring Network;Clare;WAFWAR008;1;2012-11-22;1;2012-11-22;116.650415;-34.995411;100.0;100.0;312.367;Square;LL;1.0;10.0;1;0020000003000010E60000000100000005405D29A0663C753EC0417F69A0AD9E3C405D298E759F17A9C0417F6AC73C95F8405D298F2892D1B9C0417F884DC9ED6D405D29A1193D0F21C0417F87273A4BE9405D29A0663C753EC0417F69A0AD9E3C;POLYGON((116.650415000001 -34.9954110000367,116.649320035328 -34.9954461141423,116.649362700823 -34.9963471637701,116.650457677486 -34.9963120493556,116.650415000001 -34.9954110000367));4326
TERN Australia;Ausplot Forest Monitoring Network;Collins;WAFWAR009;1;2012-11-26;1;2012-11-26;116.12422;-34.507806;100.0;100.0;267.313;Square;LL;1.0;10.0;1;0020000003000010E60000000100000005405D07F338716055C04140FFC9794B86405D07E16194D2FFC0414100A9236356405D07E1E8A6738EC041411E3237F47B405D07F3BF8F9857C041411D528DA324405D07F338716055C04140FFC9794B86;POLYGON((116.124219999999 -34.5078059999715,116.123131175362 -34.5078326628488,116.123163378287 -34.5087340138643,116.124252214651 -34.5087073508824,116.124219999999 -34.5078059999715));4326
TERN Australia;Ausplot Forest Monitoring Network;Dawson;WAFWAR004;1;2012-09-27;1;2012-09-27;116.687185;-34.849788;100.0;100.0;312.462;Square;LL;1.0;10.0;1;0020000003000010E60000000100000005405D2BFAD6CB5485C0416CC5DA6A4DB5405D2BE8EE1D85AFC0416CC6FA2F59E6405D2BE99CA1370DC0416CE481330BBE405D2BFB855BD17AC0416CE3616D2618405D2BFAD6CB5485C0416CC5DA6A4DB5;POLYGON((116.687185000004 -34.8497880000172,116.686091927367 -34.8498223048407,116.686133534848 -34.8507234095809,116.687226619402 -34.8506891043618,116.687185000004 -34.8497880000172));4326
TERN Australia;Ausplot Forest Monitoring Network;Dip;TCFTNS002;1;2012-04-17;1;2012-04-17;145.405096;-41.034643;100.0;100.0;354.956;Square;LL;1.0;10.0;1;0020000003000010E6000000010000000540622CF68BE2F6D8C044846F2E8BEE7640622CFFF4AF5A6DC0448476D8450E1140622D027C591045C044845A5871D66C40622CF913941B8CC0448452AEBFCE4440622CF68BE2F6D8C044846F2E8BEE76;POLYGON((145.405095999994 -41.0346429999599,145.406244604575 -41.0348768555815,145.406553434326 -41.0340071254585,145.40540484359 -41.0337732731391,145.405095999994 -41.0346429999599));4326
TERN Australia;Ausplot Forest Monitoring Network;Dombakup;WAFWAR002;1;2012-09-18;1;2012-09-18;115.983409;-34.577134;100.0;100.0;312.193;Square;LL;1.0;10.0;1;0020000003000010E60000000100000005405CFEF02C4D66BCC04149DF86E3A698405CFEDE51AE7793C04149E0610ECB91405CFEDED58A86DBC04149FDEA00E407405CFEF0B03615EBC04149FD0FD5CA21405CFEF02C4D66BCC04149DF86E3A698;POLYGON((115.983409000003 -34.5771339999748,115.982319279078 -34.5771600076906,115.982350716858 -34.5780613426542,115.983440449541 -34.5780353349585,115.983409000003 -34.5771339999748));4326
TERN Australia;Ausplot Forest Monitoring Network;Flowerdale;TCFTNS001;1;2012-03-26;1;2012-03-26;145.566135;-41.044984;100.0;100.0;128.04;Square;LL;1.0;10.0;1;0020000003000010E600000001000000054062321DC725C391C04485C209247A184062322731DB3B23C04485C9A2C12EA040623229B44D5209C04485AD1E4C7F1F40623220499F508DC04485A584B6C79E4062321DC725C391C04485C209247A18;POLYGON((145.566134999998 -41.0449840000257,145.567284515558 -41.0452159350655,145.567590857522 -41.0443456529158,145.566441355859 -41.0441137211303,145.566134999998 -41.0449840000257));4326
TERN Australia;Ausplot Forest Monitoring Network;Frankland;WAFWAR007;1;2012-11-20;1;2012-11-20;116.786015;-34.824617;100.0;100.0;312.534;Square;LL;1.0;10.0;1;0020000003000010E60000000100000005405D324E11DBCC04C041698D0CC367A2405D323C2AAD33C2C041698E31F5645D405D323CDC6D4FFDC04169ABB8D61001405D324EC3A8A8D5C04169AA93A35CBE405D324E11DBCC04C041698D0CC367A2;POLYGON((116.786015000005 -34.8246170000196,116.784922284262 -34.8246519516185,116.784964663268 -34.8255530400493,116.786057390887 -34.8255180881183,116.786015000005 -34.8246170000196));4326
TERN Australia;Ausplot Forest Monitoring Network;Giants;WAFWAR005;1;2012-10-01;1;2012-10-01;116.879329;-34.980543;100.0;100.0;84.508;Square;LL;1.0;10.0;1;0020000003000010E60000000100000005405D3846ED245C5FC0417D826EDA9FED405D3834FDB2647AC0417D83A5760C71405D3835BA5D94E3C0417DA12B7947F1405D3847A9DC64E4C0417D9FF4DD0CF4405D3846ED245C5FC0417D826EDA9FED;POLYGON((116.879329000004 -34.9805429999832,116.878234314166 -34.9805800272378,116.878279296292 -34.9814810125535,116.879373994092 -34.9814439849232,116.879329000004 -34.9805429999832));4326
TERN Australia;Ausplot Forest Monitoring Network;Goodenia;NSFSEC004;1;2014-05-13;1;2014-05-13;149.717866;-36.903761;100.0;100.0;275.164;Square;LL;1.0;10.0;1;0020000003000010E600000001000000054062B6F8C21E21A0C04273AE70C13F624062B701CF6BA714C04273B383CA84794062B70363CA37C5C04273966FC50E8E4062B6FA56837C98C04273915CBE52094062B6F8C21E21A0C04273AE70C13F62;POLYGON((149.717866000033 -36.9037610000221,149.718970976123 -36.9039158572059,149.719163794476 -36.9030284607116,149.718058831034 -36.9028736047076,149.717866000033 -36.9037610000221));4326
TERN Australia;Ausplot Forest Monitoring Network;HardyCreek;VCFSEH008;1;2014-04-28;1;2014-04-28;145.546473;-37.569273;100.0;100.0;51.693;Square;LL;1.0;10.0;1;0020000003000010E600000001000000054062317CB4F1E442C042C8DDF00AC5DD40623185BA014B8FC042C8E4D056829F40623187E2DCB67CC042C8C81889CA7B4062317EDDD3C0FEC042C8C13843D0F34062317CB4F1E442C042C8DDF00AC5DD;POLYGON((145.546472999997 -37.5692730000116,145.547574045686 -37.5694828436292,145.547837668495 -37.5686064408119,145.546736634809 -37.5683965998777,145.546472999997 -37.5692730000116));4326
TERN Australia;Ausplot Forest Monitoring Network;Lardner;VCFSEH005;1;2014-03-24;1;2014-03-24;143.625792;-38.629258;100.0;100.0;351.207;Square;LL;1.0;10.0;1;0020000003000010E600000001000000054061F4067CF1C678C043508B86B1650C4061F40FCDBF39DEC043508F98A9018B4061F41119D03FA5C04350725DF6A1B84061F407C90A51DBC043506E4C013EFD4061F4067CF1C678C043508B86B1650C;POLYGON((143.625792000024 -38.62925800001,143.626929162491 -38.6293822121835,143.627087504135 -38.628490205217,143.625950355678 -38.62836599408,143.625792000024 -38.62925800001));4326
TERN Australia;Ausplot Forest Monitoring Network;Lorne;NSFNNC004;1;2013-10-07;1;2013-10-07;152.619338;-31.591975;100.0;100.0;157.171;Square;LL;1.0;10.0;1;0020000003000010E60000000100000005406313D19DECE4F4C03F978BAC710D9B406313DA0B6FD516C03F97988A96DACD406313DBEC7AFC42C03F975ED48A63A6406313D37EFCF801C03F9751F66CB764406313D19DECE4F4C03F978BAC710D9B;POLYGON((152.619337999996 -31.5919750000008,152.620366781638 -31.5921713465021,152.620596161085 -31.5912907445778,152.61956738861 -31.5910943999692,152.619337999996 -31.5919750000008));4326
TERN Australia;Ausplot Forest Monitoring Network;Mackenzie;TCFTNS003;1;2015-01-20;1;2015-01-20;146.258356;-41.629951;100.0;100.0;108.712;Square;LL;1.0;10.0;1;0020000003000010E600000001000000054062484473CD57EFC044D0A23BFF9D0D4062484DF708BF87C044D0A9B8E09D7A4062485075BECC3FC044D08D2C97F46140624846F28B298EC044D085AFBD8C8A4062484473CD57EFC044D0A23BFF9D0D;POLYGON((146.258356000005 -41.6299510000336,146.259517209135 -41.630179509807,146.259821770336 -41.6293082944837,146.258660575677 -41.6290797877819,146.258356000005 -41.6299510000336));4326
TERN Australia;Ausplot Forest Monitoring Network;MtField;TCFTSR006;1;2014-12-02;1;2014-12-02;146.649282;-42.682963;100.0;100.0;98.431;Square;LL;1.0;10.0;1;0020000003000010E60000000100000005406254C6EB0B7B80C045576B54E2C8D1406254D094B0CFBAC0455772EC242984406254D32722A019C045575667FA3597406254C97D857DE0C045574ED0BFD142406254C6EB0B7B80C045576B54E2C8D1;POLYGON((146.649281999995 -42.6829630000444,146.650461526236 -42.6831946541379,146.650775497081 -42.6823244067884,146.649595986105 -42.6820927559479,146.649281999995 -42.6829630000444));4326
TERN Australia;Ausplot Forest Monitoring Network;MtMaurice;TCFBEL001;1;2014-12-09;1;2014-12-09;147.538381;-41.311345;100.0;100.0;256.196;Square;LL;1.0;10.0;1;0020000003000010E600000001000000054062713A6ACA7993C044A7DA2728715B40627143EF161242C044A7E1092233254062714637481992C044A7C4555DA3324062713CB30465D2C044A7BD7369A8854062713A6ACA7993C044A7DA2728715B;POLYGON((147.538381000003 -41.3113450000262,147.539542716129 -41.3115550438872,147.539821282215 -41.3106791217055,147.538659580793 -41.3104690805349,147.538381000003 -41.3113450000262));4326
TERN Australia;Ausplot Forest Monitoring Network;Newline;NSFSEC001;1;2014-05-10;1;2014-05-10;149.435125;-36.759165;100.0;100.0;264.993;Square;LL;1.0;10.0;1;0020000003000010E600000001000000054062ADEC8B439858C042612C51979DBD4062ADF59343C2E3C04261317C0BDD734062ADF72E23DAD4C04261146AE291DB4062ADEE262A66BEC042610F407134A24062ADEC8B439858C042612C51979DBD;POLYGON((149.435125000021 -36.7591649999917,149.43622744784 -36.7593226488051,149.436423368482 -36.758435593252,149.435320933166 -36.7582779457819,149.435125000021 -36.7591649999917));4326
TERN Australia;Ausplot Forest Monitoring Network;NorthStyx;TCFTSR003;1;2013-04-15;1;2013-04-15;146.608866;-42.811485;100.0;100.0;199.429;Square;LL;1.0;10.0;1;0020000003000010E600000001000000054062537BD48CB43DC04567DEBD900BA54062538582AE4E55C04567E65BA917B24062538818D33646C04567C9D984211E4062537E6AB9D744C04567C23B7254144062537BD48CB43DC04567DEBD900BA5;POLYGON((146.608865999997 -42.8114849999759,146.610047665063 -42.811717469754,146.610363400005 -42.8108474631465,146.609181750269 -42.8106149967427,146.608865999997 -42.8114849999759));4326
TERN Australia;Ausplot Forest Monitoring Network;Osullivans;NSFNNC008;1;2013-11-20;1;2013-11-20;152.259035;-32.345474;100.0;100.0;22.323;Square;LL;1.0;10.0;1;0020000003000010E600000001000000054063084A03C4B123C0402C387DF5D88E406308527E28BF3CC0402C3F33143F494063085477D55319C0402C226948B9914063084BFD764DEAC0402C1BB42F00F54063084A03C4B123C0402C387DF5D88E;POLYGON((152.259035000004 -32.3454740000171,152.260069923004 -32.345678696524,152.26031104722 -32.3448001484968,152.259276133598 -32.3445954541693,152.259035000004 -32.3454740000171));4326
TERN Australia;Ausplot Forest Monitoring Network;Supersite;TCFTSR002;1;2012-04-12;1;2012-04-12;146.65341;-43.095939;100.0;100.0;360.568;Square;LL;1.0;10.0;1;0020000003000010E60000000100000005406254E8BC169B64C0458C47BAA9C085406254F274B93010C0458C4F62FAD264406254F511717E9FC0458C32E3F13C75406254EB58D74151C0458C2B3BA74EA1406254E8BC169B64C0458C47BAA9C085;POLYGON((146.653409999995 -43.0959390000217,146.654596673674 -43.0961726879803,146.654915544194 -43.0953030517493,146.653728886051 -43.0950693671159,146.653409999995 -43.0959390000217));4326
TERN Australia;Ausplot Forest Monitoring Network;Sutton;WAFWAR006;1;2012-11-13;1;2012-11-13;116.249838;-34.448862;100.0;100.0;42.415;Square;LL;1.0;10.0;1;0020000003000010E60000000100000005405D0FFD5885D235C04139744F5D1DF7405D0FEB84DFDCCCC04139753486FDF4405D0FEC0F2A78D0C0413992BDACED4E405D0FFDE2DCFB63C0413991D882F3E4405D0FFD5885D235C04139744F5D1DF7;POLYGON((116.249837999997 -34.4488619999574,116.248749941459 -34.4488893183842,116.248782912709 -34.4497906774874,116.249870982936 -34.4497633590143,116.249837999997 -34.4488619999574));4326
TERN Australia;Ausplot Forest Monitoring Network;Tinebank;NSFNNC003;1;2013-10-01;1;2013-10-01;152.525737;-31.207873;100.0;100.0;69.011;Square;LL;1.0;10.0;1;0020000003000010E60000000100000005406310D2D666A9E7C03F35372A388CA1406310DB3BAFDE32C03F3543F72A97C5406310DD183ECF1CC03F350A3C8101F8406310D4B2FA6D5AC03F34FD6F970412406310D2D666A9E7C03F35372A388CA1;POLYGON((152.525737000003 -31.2078729999599,152.526761859409 -31.2080683211314,152.526989100145 -31.2071874442063,152.525964249721 -31.2069921249095,152.525737000003 -31.2078729999599));4326
TERN Australia;Ausplot Forest Monitoring Network;Turtons;VCFSEH004;1;2014-02-22;1;2014-02-22;143.702362;-38.639815;100.0;100.0;221.246;Square;LL;1.0;10.0;1;0020000003000010E600000001000000054061F679BFDF8186C04351E5753A3F9D4061F68311444FD3C04351E97FA6D19B4061F6845AFA64F0C04351CC4435F0824061F67B099D1EDBC04351C839CB8AD74061F679BFDF8186C04351E5753A3F9D;POLYGON((143.702362000022 -38.6398150000016,143.70349944441 -38.6399383129639,143.70365666299 -38.6390462172867,143.702519232632 -38.6389229053363,143.702362000022 -38.6398150000016));4326
TERN Australia;Ausplot Forest Monitoring Network;WaratahMix;NSFSEC002;1;2014-05-18;1;2014-05-18;149.381474;-37.013029;100.0;100.0;153.076;Square;LL;1.0;10.0;1;0020000003000010E600000001000000054062AC3508F64B21C04281AAEF2C815A4062AC3E17C0DD7DC04281B02A89BB0D4062AC3FB947C316C04281931C81977A4062AC36AA83FAE1C042818DE1275C4F4062AC3508F64B21C04281AAEF2C815A;POLYGON((149.381474000017 -37.0130290000258,149.382579685869 -37.013188664676,149.382778778229 -37.0123019821903,149.381673105024 -37.0121423189345,149.381474000017 -37.0130290000258));4326
TERN Australia;Ausplot Forest Monitoring Network;Warren;WAFWAR003;1;2012-09-23;1;2012-09-23;115.952205;-34.545976;100.0;100.0;312.191;Square;LL;1.0;10.0;1;0020000003000010E60000000100000005405CFCF0ED3D8667C04145E28AA42434405CFCDF1447D2AEC04145E36085CC6D405CFCDF957FF267C0414600E993FF36405CFCF16E824450C041460013B268D5405CFCF0ED3D8667C04145E28AA42434;POLYGON((115.952205000003 -34.5459759999725,115.951115675106 -34.546001496631,115.951146483372 -34.5469028446809,115.95223582002 -34.5468773480549,115.952205000003 -34.5459759999725));4326
TERN Australia;Ausplot Forest Monitoring Network;Weeaproinah;VCFSEH003;1;2014-02-13;1;2014-02-13;143.474993;-38.64372;100.0;100.0;211.142;Square;LL;1.0;10.0;1;0020000003000010E600000001000000054061EF3324851D66C04352656ABDDF4E4061EF3C75422763C04352698CC4C7EC4061EF3DC682F7DEC043524C53CB5D204061EF3475CD7054C043524831C6FC854061EF3324851D66C04352656ABDDF4E;POLYGON((143.474993000021 -38.6437199999915,143.476130131919 -38.6438461266369,143.476290946767 -38.6429543250072,143.475153828857 -38.6428281995405,143.474993000021 -38.6437199999915));4326
TERN Australia;Ausplot Forest Monitoring Network;Weld;TCFTSR004;1;2013-04-30;1;2013-04-30;146.743861;-43.041397;100.0;100.0;356.62;Square;LL;1.0;10.0;1;0020000003000010E60000000100000005406257CDB5957865C045854C7F34848D406257D76CDC894BC04585541E62FF07406257DA05DE66E8C04585379CCA893B406257D04E9FAC01C045852FFDA35155406257CDB5957865C045854C7F34848D;POLYGON((146.743860999998 -43.0413969999728,146.745047026381 -43.0416295989399,146.745364126567 -43.0407596577592,146.74417811571 -43.0405270621729,146.743860999998 -43.0413969999728));4326
TERN Australia;Ausplot Forest Monitoring Network;WogWay;NSFSEC003;1;2014-05-16;1;2014-05-16;149.382334;-36.997418;100.0;100.0;347.07;Square;LL;1.0;10.0;1;0020000003000010E600000001000000054062AC3C1483461DC0427FAB649D31FA4062AC4522DF4B50C0427FB09F33A6044062AC46C412217BC0427F9391040A464062AC3DB5BCE6C9C0427F8E567093564062AC3C1483461DC0427FAB649D31FA;POLYGON((149.38233400001 -36.9974179999881,149.383439479944 -36.9975775720777,149.383638415729 -36.9966908712127,149.382532948445 -36.9965313005147,149.38233400001 -36.9974179999881));4326
TERN Australia;Ausplot Forest Monitoring Network;ZigZag;TCFTSR005;1;2013-05-14;1;2013-05-14;146.746355;-43.101829;100.0;100.0;134.654;Square;LL;1.0;10.0;1;0020000003000010E60000000100000005406257E223E18750C0458D08BB90677D406257EBDD3E50EFC0458D105EABBCCD406257EE784031D9C0458CF3DE354DA2406257E4BEEBC1E7C0458CEC3B21104C406257E223E18750C0458D08BB90677D;POLYGON((146.746355000005 -43.1018290000056,146.747542020522 -43.1020620668947,146.747860074406 -43.1011922607679,146.746673069442 -43.100959197182,146.746355000005 -43.1018290000056));4326
